scheduler,seed,cards,tasks,arrival_mode,base_algo,phase_enabled,pair_base_scheduler,pair_phase_scheduler,bw_max,d_max,card_cv,median_card_cv,p95_card_cv,std_card_cv,card_jfi,card_lif,max_min_ratio,completion_rate,throughput,throughput_excl_cold,mean_cold_start,p99_delay,p99_delay_excl_cold,avg_delay,avg_delay_excl_cold,mean_start_offset,p95_start_offset,reject_rate_bw,avg_congestion_ratio,mean_congestion_wait_ticks,time_card_cv_demand_mean,time_card_lif_demand_mean,time_card_lif_served_mean
bestfit-phase,21,16,1600,poisson,BestFit,True,bestfit,bestfit-phase,900000.0,8,0.5801602291779245,0.5742016304436353,0.7992078548967506,0.13801732505036166,0.7482541680957995,2.5182719440721892,26.735575692606524,0.853125,2.6,2.606054884189325,1.2197802197802199,18.0,15.0,6.892307692307693,5.672527472527473,1.2197802197802199,6.0,0.146875,0.0,0.0,0.629863650316118,3.4887447860969387,3.4887447860969387
rr-phase,21,16,1600,poisson,RR,True,rr,rr-phase,900000.0,8,0.623217482572526,0.6041993888530037,0.8732597566045005,0.14527295076698585,0.7217416924790961,2.625767222827693,26.708826452723535,0.856875,2.611428571428571,2.6185663954261065,1.4310722100656454,16.0,15.0,7.091903719912473,5.660831509846827,1.4310722100656454,5.0,0.143125,0.0,0.0,0.6648486110243311,3.448323941247367,3.448323941247367
rr-phase,99,16,1600,poisson,RR,True,rr,rr-phase,900000.0,8,0.6108614993402807,0.6083588586268799,0.8255916320974583,0.11993654731629311,0.7290114569354654,2.650726295098386,26.101722363927973,0.856875,2.611428571428571,2.618442370031497,1.4062727935813275,16.0,15.0,7.067104303428154,5.660831509846827,1.4062727935813275,5.0,0.143125,0.0,0.0,0.6492154005797668,3.4280530154956006,3.4280530154956006
rr-phase,2024,16,1600,poisson,RR,True,rr,rr-phase,900000.0,8,0.6415844639232403,0.6318156174388834,0.8937221758010321,0.13634536934224759,0.7102303528543786,2.7011750228864493,24.89034019228966,0.856875,2.611428571428571,2.617596392597472,1.237053245805981,16.0,15.0,6.897884755652808,5.660831509846827,1.237053245805981,4.0,0.143125,0.0,0.0,0.6751767076847319,3.498254854418476,3.498254854418476
bestfit,2024,16,1600,poisson,BestFit,False,bestfit,bestfit-phase,900000.0,8,0.7976167449045841,0.7878802117071352,1.038045980490244,0.13189103287073023,0.6146209883342778,2.9634842144633096,43.06153334625317,1.0,3.0476190476190474,3.0476190476190474,0.0,15.0,15.0,5.28,5.28,0.0,0.0,0.0,0.037649126658747034,0.605625,1.319813846479812,6.854871274747564,2.963793334411557
drf-phase,21,16,1600,poisson,DRF,True,drf,drf-phase,900000.0,8,0.5801602291779245,0.5742016304436353,0.7992078548967506,0.13801732505036166,0.7482541680957995,2.5182719440721892,26.735575692606524,0.853125,2.6,2.606054884189325,1.2197802197802199,18.0,15.0,6.892307692307693,5.672527472527473,1.2197802197802199,6.0,0.146875,0.0,0.0,0.629863650316118,3.4887447860969387,3.4887447860969387
rr-phase,123,16,1600,poisson,RR,True,rr,rr-phase,900000.0,8,0.625902473375981,0.6303464641930622,0.8610978529176871,0.12868840609712548,0.7197223376843049,2.6620804625710264,26.0851269665879,0.856875,2.611428571428571,2.6177896065044997,1.275711159737418,16.0,15.0,6.936542669584245,5.660831509846827,1.275711159737418,4.0,0.143125,0.0,0.0,0.6663243102798524,3.4935651772573166,3.4935651772573166
bestfit-phase,2024,16,1600,poisson,BestFit,True,bestfit,bestfit-phase,900000.0,8,0.5775832473463535,0.5830628676972713,0.8107206573812289,0.14519680144174169,0.7496783144289797,2.5683473879241827,26.958141268258483,0.850625,2.5923809523809522,2.598166169659464,1.168993387215283,21.0,15.0,6.849375459221161,5.680382072005878,1.168993387215283,6.0,0.149375,0.0,0.0,0.6194878804578599,3.5514892537839122,3.5514892537839122
bestfit-phase,123,16,1600,poisson,BestFit,True,bestfit,bestfit-phase,900000.0,8,0.5744414982477127,0.5832076427879018,0.7679875690431507,0.1368041756697773,0.7514773071196202,2.567181783585841,28.55321706447446,0.8475,2.5488721804511276,2.5537929061308167,1.0250737463126844,18.0,15.0,6.715339233038348,5.6902654867256635,1.0250737463126844,5.0,0.1525,0.0,0.0,0.6167851487563459,3.571732939145212,3.571732939145212
rr-phase,42,16,1600,poisson,RR,True,rr,rr-phase,900000.0,8,0.6239216973598736,0.6183186849256919,0.8594188720976781,0.13364092200581365,0.720976557383578,2.6603666751935897,26.310038877555534,0.856875,2.616412213740458,2.623394259810298,1.3946024799416483,16.0,15.0,7.055433989788476,5.660831509846827,1.3946024799416483,4.0,0.143125,0.0,0.0,0.6637147675424944,3.4659810514453273,3.4659810514453273
bestfit,99,16,1600,poisson,BestFit,False,bestfit,bestfit-phase,900000.0,8,0.7884399930647343,0.7872200290763375,1.0138693637439637,0.12122210360901729,0.6194703869647777,2.91475029394948,40.39164882057443,1.0,3.0476190476190474,3.0476190476190474,0.0,15.0,15.0,5.28,5.28,0.0,0.0,0.0,0.03871863576246447,0.618125,1.3214130469963457,7.132024357199128,2.8994793221298267
drf,21,16,1600,poisson,DRF,False,drf,drf-phase,900000.0,8,0.7931111338509763,0.7813107300411775,1.0730297479006472,0.14931981168891814,0.6183378849958542,2.948587950073906,41.505813852293954,1.0,3.0476190476190474,3.0476190476190474,0.0,15.0,15.0,5.28,5.28,0.0,0.0,0.0,0.03856817026463394,0.61375,1.3141538280974208,6.896377578712027,2.915342124859947
bestfit,123,16,1600,poisson,BestFit,False,bestfit,bestfit-phase,900000.0,8,0.7936597520454084,0.7857366591157249,1.0234753420552856,0.1327521871324615,0.6168634556856127,2.957332657280573,41.59880104673087,1.0,3.0476190476190474,3.0476190476190474,0.0,15.0,15.0,5.28,5.28,0.0,0.0,0.0,0.03757209794067873,0.613125,1.3194355398319348,6.936906598077103,2.9650234165759475
bestfit-phase,99,16,1600,poisson,BestFit,True,bestfit,bestfit-phase,900000.0,8,0.5566611513386107,0.5634170753682987,0.763106683843771,0.1375396173477143,0.7623056550667343,2.487055147983438,26.51683764116598,0.85375,2.6019047619047617,2.607708153402818,1.1683748169838946,19.0,15.0,6.838945827232797,5.670571010248902,1.1683748169838946,6.0,0.14625,0.0,0.0,0.6093012193525913,3.4604467702746127,3.4604467702746127
bestfit,42,16,1600,poisson,BestFit,False,bestfit,bestfit-phase,900000.0,8,0.7892371553522669,0.7802675651368884,1.0387707125411147,0.14096961501409422,0.6199217673250252,2.9336499497064996,41.070073533256625,1.0,3.053435114503817,3.053435114503817,0.0,15.0,15.0,5.28,5.28,0.0,0.0,0.0,0.037193400134772014,0.595,1.3051416143133117,6.820514406115317,2.910926060267907
rr,99,16,1600,poisson,RR,False,rr,rr-phase,900000.0,8,0.8512066844243356,0.8395092556324102,1.0859034295592254,0.13093874066836436,0.5837253265876169,2.913508099443546,58.740126831711606,1.0,3.0476190476190474,3.0476190476190474,0.0,15.0,15.0,5.28,5.28,0.0,0.0,0.0,0.049463551736461345,0.7425,1.446370963372269,7.141637345654772,2.854695016767499
rr,2024,16,1600,poisson,RR,False,rr,rr-phase,900000.0,8,0.868755783724496,0.8485346918227156,1.1660769565161422,0.13964085862484932,0.5743699801287792,2.9589275904356223,57.96730169333732,1.0,3.0476190476190474,3.0476190476190474,0.0,15.0,15.0,5.28,5.28,0.0,0.0,0.0,0.04802801355562456,0.739375,1.459751439090617,7.1106909864476995,2.908607672187782
drf,42,16,1600,poisson,DRF,False,drf,drf-phase,900000.0,8,0.7892371553522669,0.7802675651368884,1.0387707125411147,0.14096961501409422,0.6199217673250252,2.9336499497064996,41.070073533256625,1.0,3.053435114503817,3.053435114503817,0.0,15.0,15.0,5.28,5.28,0.0,0.0,0.0,0.037193400134772014,0.595,1.3051416143133117,6.820514406115317,2.910926060267907
bestfit-phase,42,16,1600,poisson,BestFit,True,bestfit,bestfit-phase,900000.0,8,0.5758105703559647,0.5782257449956683,0.8105432076214107,0.13825803607491272,0.7506902318738081,2.5194413889690126,26.537530972942495,0.85,2.595419847328244,2.601325978661701,1.1897058823529412,18.0,15.0,6.872058823529412,5.682352941176471,1.1897058823529412,6.0,0.15,0.0,0.0,0.6263324204395031,3.5083529205612973,3.5083529205612973
drf-phase,2024,16,1600,poisson,DRF,True,drf,drf-phase,900000.0,8,0.5775832473463535,0.5830628676972713,0.8107206573812289,0.14519680144174169,0.7496783144289797,2.5683473879241827,26.958141268258483,0.850625,2.5923809523809522,2.598166169659464,1.168993387215283,21.0,15.0,6.849375459221161,5.680382072005878,1.168993387215283,6.0,0.149375,0.0,0.0,0.6194878804578599,3.5514892537839122,3.5514892537839122
rr,21,16,1600,poisson,RR,False,rr,rr-phase,900000.0,8,0.8644703588854397,0.8389742029719975,1.1827414405154961,0.16216152733208705,0.5783064700873563,2.9517346465356953,59.165366814217414,1.0,3.0476190476190474,3.0476190476190474,0.0,15.0,15.0,5.28,5.28,0.0,0.0,0.0,0.04890656711062509,0.74375,1.4561656568297825,7.212599867974904,2.874928325047119
rr,123,16,1600,poisson,RR,False,rr,rr-phase,900000.0,8,0.8689116834444296,0.8548862770423659,1.1230789309041942,0.13787559146513356,0.5741740983260405,2.961752616306273,59.13832929185786,1.0,3.0476190476190474,3.0476190476190474,0.0,15.0,15.0,5.28,5.28,0.0,0.0,0.0,0.048216311363304266,0.74375,1.462710839278046,7.3208899746082015,2.912318348269009
drf-phase,123,16,1600,poisson,DRF,True,drf,drf-phase,900000.0,8,0.5744414982477127,0.5832076427879018,0.7679875690431507,0.1368041756697773,0.7514773071196202,2.567181783585841,28.55321706447446,0.8475,2.5488721804511276,2.5537929061308167,1.0250737463126844,18.0,15.0,6.715339233038348,5.6902654867256635,1.0250737463126844,5.0,0.1525,0.0,0.0,0.6167851487563459,3.571732939145212,3.571732939145212
drf-phase,99,16,1600,poisson,DRF,True,drf,drf-phase,900000.0,8,0.5566611513386107,0.5634170753682987,0.763106683843771,0.1375396173477143,0.7623056550667343,2.487055147983438,26.51683764116598,0.85375,2.6019047619047617,2.607708153402818,1.1683748169838946,19.0,15.0,6.838945827232797,5.670571010248902,1.1683748169838946,6.0,0.14625,0.0,0.0,0.6093012193525913,3.4604467702746127,3.4604467702746127
bestfit,21,16,1600,poisson,BestFit,False,bestfit,bestfit-phase,900000.0,8,0.7931111338509763,0.7813107300411775,1.0730297479006472,0.14931981168891814,0.6183378849958542,2.948587950073906,41.505813852293954,1.0,3.0476190476190474,3.0476190476190474,0.0,15.0,15.0,5.28,5.28,0.0,0.0,0.0,0.03856817026463394,0.61375,1.3141538280974208,6.896377578712027,2.915342124859947
rr,42,16,1600,poisson,RR,False,rr,rr-phase,900000.0,8,0.8622722882391542,0.8459649684381886,1.175414752489641,0.14748029652971065,0.578515753822079,2.9485734935649583,57.943195045080856,1.0,3.053435114503817,3.053435114503817,0.0,15.0,15.0,5.28,5.28,0.0,0.0,0.0,0.048811706993346804,0.745625,1.4577305817502362,7.231477262411669,2.8830890522747024
drf-phase,42,16,1600,poisson,DRF,True,drf,drf-phase,900000.0,8,0.5758105703559647,0.5782257449956683,0.8105432076214107,0.13825803607491272,0.7506902318738081,2.5194413889690126,26.537530972942495,0.85,2.595419847328244,2.601325978661701,1.1897058823529412,18.0,15.0,6.872058823529412,5.682352941176471,1.1897058823529412,6.0,0.15,0.0,0.0,0.6263324204395031,3.5083529205612973,3.5083529205612973
drf,99,16,1600,poisson,DRF,False,drf,drf-phase,900000.0,8,0.7884399930647343,0.7872200290763375,1.0138693637439637,0.12122210360901729,0.6194703869647777,2.91475029394948,40.39164882057443,1.0,3.0476190476190474,3.0476190476190474,0.0,15.0,15.0,5.28,5.28,0.0,0.0,0.0,0.03871863576246447,0.618125,1.3214130469963457,7.132024357199128,2.8994793221298267
drf,123,16,1600,poisson,DRF,False,drf,drf-phase,900000.0,8,0.7936597520454084,0.7857366591157249,1.0234753420552856,0.1327521871324615,0.6168634556856127,2.957332657280573,41.59880104673087,1.0,3.0476190476190474,3.0476190476190474,0.0,15.0,15.0,5.28,5.28,0.0,0.0,0.0,0.03757209794067873,0.613125,1.3194355398319348,6.936906598077103,2.9650234165759475
drf,2024,16,1600,poisson,DRF,False,drf,drf-phase,900000.0,8,0.7976167449045841,0.7878802117071352,1.038045980490244,0.13189103287073023,0.6146209883342778,2.9634842144633096,43.06153334625317,1.0,3.0476190476190474,3.0476190476190474,0.0,15.0,15.0,5.28,5.28,0.0,0.0,0.0,0.037649126658747034,0.605625,1.319813846479812,6.854871274747564,2.963793334411557
p2c,99,16,1600,poisson,P2C,False,p2c,p2c-phase,900000.0,8,0.9884575564020547,0.9649437355289123,1.2572404954650165,0.1422010092991566,0.5107089644805355,3.0164637977332682,27.154297834258394,1.0,3.0476190476190474,3.0476190476190474,0.0,15.0,15.0,5.28,5.28,0.0,0.0,0.0,0.05012088826848461,0.964375,1.5668742705391,8.65572025634903,2.9707893253880933
rr,99,16,1600,bursty,RR,False,rr,rr-phase,900000.0,8,0.9200893496250488,0.8938958185436191,1.4761172813627592,0.3001873446226643,0.5594699574588823,3.2053225608002163,45.470516996346355,1.0,3.0360531309297913,3.0360531309297913,0.0,15.0,15.0,5.28375,5.28375,0.0,0.0,0.0,0.049375769124702915,0.855,1.5379639090642172,7.934423148315878,2.9426137976863034
p2c-phase,42,16,1600,poisson,P2C,True,p2c,p2c-phase,900000.0,8,0.8149537736157668,0.8177925513864112,1.068950594648668,0.15884825918681253,0.6060858281720054,2.8425797846199856,18.773924195728007,0.816875,2.4942748091603053,2.5064397896540798,2.5432287681713848,22.0,15.0,8.30680948737567,5.763580719204285,2.5432287681713848,8.0,0.183125,0.0,0.0,0.8446122460664424,3.8002479278224515,3.8002479278224515
p2c,123,16,1600,poisson,P2C,False,p2c,p2c-phase,900000.0,8,1.0045332183554447,0.9937869401255641,1.2591613971478262,0.14954810998031987,0.5031580065782403,3.057657590894446,30.09454528098371,1.0,3.0476190476190474,3.0476190476190474,0.0,15.0,15.0,5.28,5.28,0.0,0.0,0.0,0.047468729292727704,0.91625,1.544761618388538,8.262401130138993,3.002710069602718
p2c-phase,99,16,1600,poisson,P2C,True,p2c,p2c-phase,900000.0,8,0.8147856130685484,0.8083211792324579,1.0753878080514025,0.15790456950562765,0.6059951976640878,2.836236861547471,20.770328401774975,0.815625,2.448405253283302,2.460567208041299,2.6344827586206896,22.0,15.0,8.429885057471264,5.795402298850575,2.6344827586206896,8.0,0.184375,0.0,0.0,0.8442689218030055,3.8273326413912176,3.8273326413912176
p2c,42,16,1600,poisson,P2C,False,p2c,p2c-phase,900000.0,8,0.9935045240509609,0.9839208654127873,1.2892793308332378,0.167109787489372,0.50998313016927,3.0473632607865926,26.21178729303329,1.0,3.053435114503817,3.053435114503817,0.0,15.0,15.0,5.28,5.28,0.0,0.0,0.0,0.04895060173511421,0.93875,1.5581621971427726,8.543118162067467,2.94895006676854
rr,123,16,1600,bursty,RR,False,rr,rr-phase,900000.0,8,0.9260888534891337,0.8955416119722173,1.4797659802671035,0.3108277256287199,0.5581928693833692,3.199647063356873,39.97937602284657,1.0,3.0360531309297913,3.0360531309297913,0.0,15.0,15.0,5.29125,5.29125,0.0,0.0,0.0,0.04922967630803257,0.88625,1.527931051459878,7.767069806943604,2.9511693882611043
p2c-phase,21,16,1600,poisson,P2C,True,p2c,p2c-phase,900000.0,8,0.8162989704654516,0.8157592648801771,1.0780563207885643,0.1574938234412267,0.6051018952146278,2.8377171850552996,19.974940436667737,0.82125,2.5028571428571427,2.515052330281644,2.545662100456621,23.0,15.0,8.312785388127853,5.767123287671233,2.545662100456621,8.0,0.17875,0.0,0.0,0.8354745103376491,3.770149888035945,3.770149888035945
p2c-phase,2024,16,1600,poisson,P2C,True,p2c,p2c-phase,900000.0,8,0.8367987742840224,0.8404409112111458,1.0703124158971817,0.15324002025629935,0.5930779525130354,2.896273489207835,20.70768908827201,0.8175,2.4914285714285715,2.503748604243101,2.5833333333333335,22.0,15.0,8.372324159021407,5.7889908256880735,2.5833333333333335,8.0,0.1825,0.0,0.0,0.8609973775616964,3.7662793314935312,3.7662793314935312
p2c,2024,16,1600,poisson,P2C,False,p2c,p2c-phase,900000.0,8,1.0069843170525719,0.9927914351878429,1.2636379826777444,0.1476601070600003,0.5018090781931235,3.046404672434249,26.154016058599744,1.0,3.0476190476190474,3.0476190476190474,0.0,15.0,15.0,5.28,5.28,0.0,0.0,0.0,0.04887215736168429,0.955,1.573907983452476,8.717652893528733,2.986801494230029
rr-phase,99,16,1600,bursty,RR,True,rr,rr-phase,900000.0,8,0.6635934068687531,0.6241470609893669,1.1273303395185816,0.23647590169074495,0.7014039299766542,2.636868992002246,20.07680628809888,0.8475,2.5730550284629983,2.583223634762061,2.0744837758112094,20.0,15.0,7.747050147492625,5.672566371681416,2.0744837758112094,7.0,0.1525,0.0,0.0,0.7083034114511668,3.5497755693939723,3.5497755693939723
p2c-phase,123,16,1600,poisson,P2C,True,p2c,p2c-phase,900000.0,8,0.8119933236413232,0.7954947526035909,1.0505693922382717,0.14295595443932022,0.6067396611178537,2.822141350821173,20.52229051109343,0.825625,2.5161904761904763,2.528715095132519,2.600302800908403,22.799999999999955,15.0,8.361847085541257,5.761544284632854,2.600302800908403,8.0,0.174375,0.0,0.0,0.8381811719953074,3.6837485536501555,3.6837485536501555
rr-phase,2024,16,1600,bursty,RR,True,rr,rr-phase,900000.0,8,0.7589248242052259,0.7066182654974948,1.3596360389237083,0.30952409032109324,0.6510028425935868,2.79510304715153,19.817842328356186,0.8275,2.5267175572519083,2.536644377269156,2.050604229607251,22.0,15.0,7.712235649546828,5.661631419939577,2.050604229607251,7.0,0.1725,0.0,0.0,0.8258968405537284,3.8244944446597957,3.8244944446597957
p2c,21,16,1600,poisson,P2C,False,p2c,p2c-phase,900000.0,8,0.9950735499028592,0.9802682735475796,1.3096820884035127,0.17567864359079752,0.5098689618770568,3.048847301637452,24.48787173492338,1.0,3.0476190476190474,3.0476190476190474,0.0,15.0,15.0,5.28,5.28,0.0,0.0,0.0,0.049971577015324224,0.956875,1.5726208485872335,8.767759909695943,2.970199750675719
rr,2024,16,1600,bursty,RR,False,rr,rr-phase,900000.0,8,0.9650207116365269,0.9179290942411299,1.6248608704270362,0.3689066394276447,0.543044372984785,3.365439307568052,37.11393222354703,1.0,3.053435114503817,3.053435114503817,0.0,15.0,15.0,5.321875,5.321875,0.0,0.0,0.0,0.050960045529030794,1.01625,1.5658174633182977,8.146800670052485,2.980755761128389
rr-phase,21,16,1600,bursty,RR,True,rr,rr-phase,900000.0,8,0.7461189954221447,0.6798713322974335,1.2793169674297833,0.33294147018846104,0.6613201500424949,2.808524503446446,17.83669350757041,0.84875,2.57685009487666,2.587762822599656,2.2223858615611194,21.0,15.0,7.891016200294551,5.668630338733432,2.2223858615611194,7.0,0.15125,0.0,0.0,0.794101077455363,3.6816885798633603,3.6816885798633603
rr,21,16,1600,bursty,RR,False,rr,rr-phase,900000.0,8,0.9575356835763752,0.9173051122718932,1.659961570087432,0.38603585928783357,0.5513329180807823,3.3505056873594508,38.50601795204299,1.0,3.041825095057034,3.041825095057034,0.0,15.0,15.0,5.28125,5.28125,0.0,0.0,0.0,0.05052397530906919,0.874375,1.5464928414417027,8.105575554912527,2.937108411503717
rr-phase,123,16,1600,bursty,RR,True,rr,rr-phase,900000.0,8,0.6716003823764859,0.6280320488852066,1.1343454339412569,0.2498273489354217,0.6971610200836899,2.663955250708265,19.864146520742196,0.85,2.570888468809074,2.5813006428130816,2.1338235294117647,20.0,15.0,7.798529411764706,5.6647058823529415,2.1338235294117647,7.0,0.15,0.0,0.0,0.7222979705246162,3.5414317346115833,3.5414317346115833
rr,42,16,1600,bursty,RR,False,rr,rr-phase,900000.0,8,0.9596683821706521,0.9259991026761882,1.5356477387231753,0.31289311690674987,0.5419282618217792,3.3632580092398587,41.06338056864312,1.0,3.0476190476190474,3.0476190476190474,0.0,15.0,15.0,5.2825,5.2825,0.0,0.0,0.0,0.04497109124349937,0.858125,1.5554068974781299,8.143296949978115,3.0857481764743127
rr-phase,42,16,1600,bursty,RR,True,rr,rr-phase,900000.0,8,0.715284441222959,0.6567909775642414,1.2222321485683663,0.2587042290461892,0.6719654087601193,2.727455625524986,20.751340854944836,0.850625,2.5825426944971537,2.5925950290146766,2.0433504775900073,19.40000000000009,15.0,7.723732549595885,5.680382072005878,2.0433504775900073,7.0,0.149375,0.0,0.0,0.7662280548906014,3.7172219391468486,3.7172219391468486
stps-spatial,2024,16,1600,poisson,STPS-spatial,False,stps-spatial,stps,900000.0,8,0.8196332786415809,0.7971163542599233,1.0576720111751707,0.13459566689146815,0.6020673050128591,2.9969741146078697,34.510499052516316,1.0,3.0476190476190474,3.0476190476190474,0.0,15.0,15.0,5.28,5.28,0.0,0.0,0.0,0.037059937394664684,0.61375,1.3157366585618333,6.752520687273473,2.96453771723814
stps-spatial,123,16,1600,poisson,STPS-spatial,False,stps-spatial,stps,900000.0,8,0.8124077956933158,0.7987543379659163,1.0669826436849763,0.1383885229078085,0.6063043485176232,2.9464013990892255,30.986702428583754,1.0,3.0476190476190474,3.0476190476190474,0.0,15.0,15.0,5.28,5.28,0.0,0.0,0.0,0.037693560002394606,0.641875,1.2976647649072444,6.77302811960304,2.9772783416135207
stps-spatial,21,16,1600,poisson,STPS-spatial,False,stps-spatial,stps,900000.0,8,0.8181512256098525,0.7963149407323684,1.0762375146586416,0.15277510110297784,0.604021555541109,2.9676994098409173,33.20753435775725,1.0,3.0476190476190474,3.0476190476190474,0.0,15.0,15.0,5.28,5.28,0.0,0.0,0.0,0.038369962798039524,0.649375,1.32408079582415,6.635151508606402,2.911364415776421
stps-spatial,99,16,1600,poisson,STPS-spatial,False,stps-spatial,stps,900000.0,8,0.8048535851949624,0.7933969165520136,1.0252442439933727,0.12130582615493207,0.6099157888301936,2.9389315070466777,31.34128831603834,1.0,3.0476190476190474,3.0476190476190474,0.0,15.0,15.0,5.28,5.28,0.0,0.0,0.0,0.03857597922020594,0.635,1.296939270018846,6.711830380656787,2.8900581991383882
stps-spatial,42,16,1600,poisson,STPS-spatial,False,stps-spatial,stps,900000.0,8,0.8081628024459363,0.7977408019186096,1.0735958677055224,0.1385288646455112,0.6089062831649115,2.9256107692090505,32.37003921042288,1.0,3.053435114503817,3.053435114503817,0.0,15.0,15.0,5.28,5.28,0.0,0.0,0.0,0.03733785691851245,0.62125,1.2990067663208595,6.42789541035695,2.9156199177478532
stps,42,16,1600,poisson,STPS-spatial,True,stps-spatial,stps,900000.0,8,0.7452377715675317,0.7547063960823885,0.9193775158532903,0.11723020919845287,0.6448210759433116,2.809034748746427,37.86224277501415,1.0,3.041825095057034,3.06257828416659,3.564375,23.0,15.0,8.844375,5.28,3.564375,8.0,0.0,0.034432367758839545,0.54125,1.2134207073262366,6.081025030208004,2.9053173142485917
stps,99,16,1600,poisson,STPS-spatial,True,stps-spatial,stps,900000.0,8,0.7318491896972483,0.7373288939703543,0.8999539363854467,0.11411008192003061,0.6529563349416426,2.77922053602656,37.333793008919976,1.0,3.0476190476190474,3.068841548278512,3.630625,23.0,15.0,8.910625,5.28,3.630625,8.0,0.0,0.03499884500863929,0.53125,1.2137135305191553,6.15957282418321,2.8757785854836793
stps,123,16,1600,poisson,STPS-spatial,True,stps-spatial,stps,900000.0,8,0.7511055715412879,0.7636524604967291,0.9079803493182692,0.10959464176821004,0.6410759389787196,2.8529981786347545,40.16582252079226,1.0,3.0018761726078798,3.0233637519944163,3.788125,23.0,15.0,9.068125,5.28,3.788125,8.0,0.0,0.03445266650758076,0.54125,1.246082869920029,6.048663729181104,2.904533821430708
stps,2024,16,1600,poisson,STPS-spatial,True,stps-spatial,stps,900000.0,8,0.7489934735540836,0.7566457503722575,0.9422121410744443,0.12354461289348176,0.642772417826433,2.857470038707676,39.70400753123682,1.0,3.0131826741996233,3.033793616708618,3.6075,23.0,15.0,8.8875,5.28,3.6075,8.0,0.0,0.034643973626098265,0.53875,1.2501050645631246,6.190753868390047,2.909198387824217
stps,21,16,1600,poisson,STPS-spatial,True,stps-spatial,stps,900000.0,8,0.7509359748084491,0.755262763116269,0.9134895998040508,0.1053634726472126,0.6412332340854696,2.8471573634715095,41.842674140162615,1.0,3.0360531309297913,3.0571982688614803,3.645,23.0,15.0,8.925,5.28,3.645,8.0,0.0,0.03494731452184897,0.54875,1.2338779092049101,6.0544130917789305,2.859161305003311
drf-phase,21,16,1600,bursty,DRF,True,drf,drf-phase,900000.0,8,0.6884083924163296,0.6004251273858311,1.273845369448129,0.3443391047343028,0.6965829909631606,2.6450241191048263,19.270207617312103,0.84125,2.544423440453686,2.5533489771614204,1.849182763744428,22.0,15.0,7.556463595839524,5.707280832095097,1.849182763744428,7.0,0.15875,0.0,0.0,0.7391202680734995,3.644595615483171,3.644595615483171
bestfit-phase,21,16,1600,bursty,BestFit,True,bestfit,bestfit-phase,900000.0,8,0.6884083924163296,0.6004251273858311,1.273845369448129,0.3443391047343028,0.6965829909631606,2.6450241191048263,19.270207617312103,0.84125,2.544423440453686,2.5533489771614204,1.849182763744428,22.0,15.0,7.556463595839524,5.707280832095097,1.849182763744428,7.0,0.15875,0.0,0.0,0.7391202680734995,3.644595615483171,3.644595615483171
bestfit,21,16,1600,bursty,BestFit,False,bestfit,bestfit-phase,900000.0,8,0.8872921114288024,0.8456385711086847,1.5785234001027977,0.38973885348186005,0.587779292692065,3.2665502354536042,29.494643208237456,1.0,3.041825095057034,3.041825095057034,0.0,15.0,15.0,5.285625,5.285625,0.0,0.0,0.0,0.043493999807663414,0.71625,1.4307993534988395,7.820157138843886,2.941070792935633
bestfit,99,16,1600,bursty,BestFit,False,bestfit,bestfit-phase,900000.0,8,0.8541303168562849,0.8256322828022934,1.3848435373553103,0.2998440343068706,0.5947328597232705,3.1143717543915583,32.208721013267464,1.0,3.0360531309297913,3.0360531309297913,0.0,15.0,15.0,5.289375,5.289375,0.0,0.0,0.0,0.04159043113795328,0.686875,1.4070036570348103,7.592213346319112,2.989395007324773
bestfit,42,16,1600,bursty,BestFit,False,bestfit,bestfit-phase,900000.0,8,0.898159271813685,0.8655337087690246,1.4495367612958692,0.3128191009821418,0.5736523581869614,3.2932291985217628,31.801984702211072,1.0,3.0476190476190474,3.0476190476190474,0.0,15.0,15.0,5.285,5.285,0.0,0.0,0.0,0.03812870165172911,0.699375,1.435355935730815,8.060485315171453,3.1468908666166238
bestfit-phase,42,16,1600,bursty,BestFit,True,bestfit,bestfit-phase,900000.0,8,0.6886261905163045,0.6355846704687101,1.2496718122177537,0.26610826645619073,0.6881777470177772,2.6556688383876432,21.022923382438353,0.84,2.5502846299810247,2.55887215243848,1.7686011904761905,21.0,15.0,7.482886904761905,5.714285714285714,1.7686011904761905,7.0,0.16,0.0,0.0,0.7427321680454865,3.8590365867102046,3.8590365867102046
bestfit-phase,99,16,1600,bursty,BestFit,True,bestfit,bestfit-phase,900000.0,8,0.6540784108666441,0.6104977957474526,1.106834395822386,0.23905599312918138,0.7064705412077996,2.6143238375026443,22.002449366995375,0.840625,2.5281954887218046,2.5360815348058012,1.654275092936803,21.0,15.0,7.366542750929368,5.712267657992565,1.654275092936803,7.0,0.159375,0.0,0.0,0.7047581906895939,3.6136796899323285,3.6136796899323285
drf,99,16,1600,bursty,DRF,False,drf,drf-phase,900000.0,8,0.8541303168562849,0.8256322828022934,1.3848435373553103,0.2998440343068706,0.5947328597232705,3.1143717543915583,32.208721013267464,1.0,3.0360531309297913,3.0360531309297913,0.0,15.0,15.0,5.289375,5.289375,0.0,0.0,0.0,0.04159043113795328,0.686875,1.4070036570348103,7.592213346319112,2.989395007324773
bestfit,2024,16,1600,bursty,BestFit,False,bestfit,bestfit-phase,900000.0,8,0.8997509533105218,0.852837647682449,1.5409018466990234,0.36783330582267887,0.5767709129949532,3.270802793159552,31.527263561337378,1.0,3.053435114503817,3.053435114503817,0.0,15.0,15.0,5.3325,5.3325,0.0,0.0,0.0,0.04492412207676303,0.880625,1.4628372688843365,7.8488216578803165,3.073831194397776
bestfit,123,16,1600,bursty,BestFit,False,bestfit,bestfit-phase,900000.0,8,0.8573813405306513,0.8357115683326314,1.401785572732588,0.3097076083570238,0.5944427249793283,3.1493907706228517,29.157297302539227,1.0,3.0360531309297913,3.0360531309297913,0.0,15.0,15.0,5.2925,5.2925,0.0,0.0,0.0,0.04143459854203739,0.71125,1.4064297864340904,7.566498574915736,2.9788554972445302
bestfit-phase,123,16,1600,bursty,BestFit,True,bestfit,bestfit-phase,900000.0,8,0.6505637187061838,0.5999182510165189,1.1416270235381538,0.25334192531262906,0.7104282244956931,2.583148260596422,22.819699107402514,0.836875,2.5169172932330826,2.5250594675593723,1.7154592979835699,21.0,15.0,7.439880507841673,5.724421209858103,1.7154592979835699,7.0,0.163125,0.0,0.0,0.7074021760078119,3.7378360173995997,3.7378360173995997
drf-phase,99,16,1600,bursty,DRF,True,drf,drf-phase,900000.0,8,0.6540784108666441,0.6104977957474526,1.106834395822386,0.23905599312918138,0.7064705412077996,2.6143238375026443,22.002449366995375,0.840625,2.5281954887218046,2.5360815348058012,1.654275092936803,21.0,15.0,7.366542750929368,5.712267657992565,1.654275092936803,7.0,0.159375,0.0,0.0,0.7047581906895939,3.6136796899323285,3.6136796899323285
drf-phase,2024,16,1600,bursty,DRF,True,drf,drf-phase,900000.0,8,0.7131462977576105,0.6310010490880147,1.3842784413689846,0.3323174339607438,0.6804435276287736,2.711153000414072,20.051674080745087,0.83,2.5343511450381677,2.543037801281913,1.7899096385542168,22.730000000000018,15.0,7.482680722891566,5.692771084337349,1.7899096385542168,7.0,0.17,0.0,0.0,0.7803010836334343,3.7440511735898667,3.7440511735898667
bestfit-phase,2024,16,1600,bursty,BestFit,True,bestfit,bestfit-phase,900000.0,8,0.7131462977576105,0.6310010490880147,1.3842784413689846,0.3323174339607438,0.6804435276287736,2.711153000414072,20.051674080745087,0.83,2.5343511450381677,2.543037801281913,1.7899096385542168,22.730000000000018,15.0,7.482680722891566,5.692771084337349,1.7899096385542168,7.0,0.17,0.0,0.0,0.7803010836334343,3.7440511735898667,3.7440511735898667
drf,2024,16,1600,bursty,DRF,False,drf,drf-phase,900000.0,8,0.8997509533105218,0.852837647682449,1.5409018466990234,0.36783330582267887,0.5767709129949532,3.270802793159552,31.527263561337378,1.0,3.053435114503817,3.053435114503817,0.0,15.0,15.0,5.3325,5.3325,0.0,0.0,0.0,0.04492412207676303,0.880625,1.4628372688843365,7.8488216578803165,3.073831194397776
drf-phase,42,16,1600,bursty,DRF,True,drf,drf-phase,900000.0,8,0.6886261905163045,0.6355846704687101,1.2496718122177537,0.26610826645619073,0.6881777470177772,2.6556688383876432,21.022923382438353,0.84,2.5502846299810247,2.55887215243848,1.7686011904761905,21.0,15.0,7.482886904761905,5.714285714285714,1.7686011904761905,7.0,0.16,0.0,0.0,0.7427321680454865,3.8590365867102046,3.8590365867102046
drf,42,16,1600,bursty,DRF,False,drf,drf-phase,900000.0,8,0.898159271813685,0.8655337087690246,1.4495367612958692,0.3128191009821418,0.5736523581869614,3.2932291985217628,31.801984702211072,1.0,3.0476190476190474,3.0476190476190474,0.0,15.0,15.0,5.285,5.285,0.0,0.0,0.0,0.03812870165172911,0.699375,1.435355935730815,8.060485315171453,3.1468908666166238
drf-phase,123,16,1600,bursty,DRF,True,drf,drf-phase,900000.0,8,0.6505637187061838,0.5999182510165189,1.1416270235381538,0.25334192531262906,0.7104282244956931,2.583148260596422,22.819699107402514,0.836875,2.5169172932330826,2.5250594675593723,1.7154592979835699,21.0,15.0,7.439880507841673,5.724421209858103,1.7154592979835699,7.0,0.163125,0.0,0.0,0.7074021760078119,3.7378360173995997,3.7378360173995997
drf,123,16,1600,bursty,DRF,False,drf,drf-phase,900000.0,8,0.8573813405306513,0.8357115683326314,1.401785572732588,0.3097076083570238,0.5944427249793283,3.1493907706228517,29.157297302539227,1.0,3.0360531309297913,3.0360531309297913,0.0,15.0,15.0,5.2925,5.2925,0.0,0.0,0.0,0.04143459854203739,0.71125,1.4064297864340904,7.566498574915736,2.9788554972445302
drf,21,16,1600,bursty,DRF,False,drf,drf-phase,900000.0,8,0.8872921114288024,0.8456385711086847,1.5785234001027977,0.38973885348186005,0.587779292692065,3.2665502354536042,29.494643208237456,1.0,3.041825095057034,3.041825095057034,0.0,15.0,15.0,5.285625,5.285625,0.0,0.0,0.0,0.043493999807663414,0.71625,1.4307993534988395,7.820157138843886,2.941070792935633
p2c,42,16,1600,bursty,P2C,False,p2c,p2c-phase,900000.0,8,1.0960787755959307,1.06561396033067,1.729788961822014,0.34153052933580613,0.4792547508033074,3.5657737324815195,23.525513215742826,1.0,3.0476190476190474,3.0476190476190474,0.0,15.0,15.0,5.28,5.28,0.0,0.0,0.0,0.048185313119538366,1.066875,1.6706943714444606,9.561137035116582,3.1801723672177253
p2c,99,16,1600,bursty,P2C,False,p2c,p2c-phase,900000.0,8,1.0519307762226524,1.0357711677369714,1.605211703292071,0.32911901342844213,0.49677505112886833,3.386631349193818,21.997641459189442,1.0,3.0360531309297913,3.0360531309297913,0.0,15.0,15.0,5.280625,5.280625,0.0,0.0,0.0,0.05238705659890818,1.0825,1.626394504836124,8.717902818861617,3.0593790632120346
p2c,21,16,1600,bursty,P2C,False,p2c,p2c-phase,900000.0,8,1.0815727361840655,1.0603836611344275,1.7376085291611585,0.4043408260635,0.49413724415867855,3.5107777629337895,22.83186822768125,1.0,3.041825095057034,3.041825095057034,0.0,15.0,15.0,5.28,5.28,0.0,0.0,0.0,0.05437136312318615,1.1,1.6323628537990302,9.204520131334338,3.0208308080479718
p2c,123,16,1600,bursty,P2C,False,p2c,p2c-phase,900000.0,8,1.0375514165023214,1.0235745986002829,1.6177781343012994,0.32358501054653466,0.5041034598031757,3.327537461109854,25.160937187763277,1.0,3.0360531309297913,3.0360531309297913,0.0,15.0,15.0,5.2825,5.2825,0.0,0.0,0.0,0.051131394537425816,1.090625,1.6208912947128757,9.044462808423566,3.029722563367537
p2c,2024,16,1600,bursty,P2C,False,p2c,p2c-phase,900000.0,8,1.0923843720667001,1.083611429568177,1.7394164818102857,0.3954802709683753,0.4854342906331743,3.5614118120310816,28.048026918478254,1.0,3.053435114503817,3.053435114503817,0.0,15.0,15.0,5.31625,5.31625,0.0,0.0,0.0,0.055261401326313825,1.25125,1.6854825071508714,9.319853723512981,3.0676428130264632
p2c-phase,21,16,1600,bursty,P2C,True,p2c,p2c-phase,900000.0,8,0.9014094345337246,0.8587490603613019,1.4586270526350857,0.31100358479600776,0.5722746033582373,3.051605144285658,17.876490182094216,0.818125,2.465160075329567,2.4779405171989923,2.7387318563789154,23.0,15.0,8.51642475171887,5.777692895339954,2.7387318563789154,8.0,0.181875,0.0,0.0,0.9211153047682423,3.8730937569104307,3.8730937569104307
p2c-phase,99,16,1600,bursty,P2C,True,p2c,p2c-phase,900000.0,8,0.8594645396317112,0.8358031753704221,1.2238173278634603,0.22257923942920174,0.5856683670341856,2.9553385576845224,19.415589853185917,0.815625,2.443820224719101,2.4556107647320062,2.563984674329502,22.0,15.0,8.334865900383141,5.77088122605364,2.563984674329502,8.0,0.184375,0.0,0.0,0.8838494096629026,3.760558547011718,3.760558547011718
p2c-phase,42,16,1600,bursty,P2C,True,p2c,p2c-phase,900000.0,8,0.9239188521197214,0.8860029066639585,1.4250799428541068,0.2842461198359256,0.5571595958008333,3.129822076199568,16.210045935259295,0.813125,2.4409005628517826,2.4529524974421255,2.6187548039969255,23.0,15.0,8.39815526518063,5.779400461183704,2.6187548039969255,8.0,0.186875,0.0,0.0,0.937159944142133,4.07437578522974,4.07437578522974
p2c-phase,2024,16,1600,bursty,P2C,True,p2c,p2c-phase,900000.0,8,0.8838788324893272,0.8306429879716566,1.3941691162777756,0.29280206516391827,0.5793222014402316,2.9829738941117556,18.37779012331173,0.804375,2.4561068702290076,2.4686737560641174,2.6674436674436675,23.0,15.0,8.418026418026418,5.75058275058275,2.6674436674436675,8.0,0.195625,0.0,0.0,0.9327107002411715,3.9350664209384685,3.9350664209384685
p2c-phase,123,16,1600,bursty,P2C,True,p2c,p2c-phase,900000.0,8,0.8807031142307602,0.8601307959170259,1.335736078899275,0.23555584034246782,0.5753090367729072,3.0273818579886833,22.50958451765321,0.829375,2.508506616257089,2.520672206357045,2.553127354935946,23.0,15.0,8.253956292388848,5.7008289374529015,2.553127354935946,8.0,0.170625,0.0,0.0,0.9059278049674722,3.827139196730208,3.827139196730208
stps-spatial,21,16,1600,bursty,STPS-spatial,False,stps-spatial,stps,900000.0,8,0.9147202954314381,0.8678165298073064,1.6023353796494963,0.3955018338648237,0.5745507451665073,3.3190920939256174,24.053323368461584,1.0,3.041825095057034,3.041825095057034,0.0,15.0,15.0,5.285,5.285,0.0,0.0,0.0,0.042334881183509886,0.7125,1.430626486299951,7.6144440422433295,2.9741716013249686
stps-spatial,123,16,1600,bursty,STPS-spatial,False,stps-spatial,stps,900000.0,8,0.8813521478531754,0.861844513860064,1.4292120216306492,0.3135291095626579,0.5816964932486528,3.1640595776971656,26.17308580383811,1.0,3.0360531309297913,3.0360531309297913,0.0,15.0,15.0,5.29375,5.29375,0.0,0.0,0.0,0.04067655996146074,0.71875,1.4024162939774159,7.567791367303366,2.9852429313149265
stps-spatial,2024,16,1600,bursty,STPS-spatial,False,stps-spatial,stps,900000.0,8,0.9288430593228151,0.8922891683608805,1.6384079170602266,0.3795481947387198,0.5628530921640639,3.3196903000473066,22.535268180565627,1.0,3.053435114503817,3.053435114503817,0.0,15.0,15.0,5.328125,5.328125,0.0,0.0,0.0,0.044525475488675116,0.908125,1.4672175802742267,7.846595409806528,3.0292300860502253
stps-spatial,42,16,1600,bursty,STPS-spatial,False,stps-spatial,stps,900000.0,8,0.929957471558901,0.9013842855251641,1.5061301117088486,0.31465007171147136,0.5571705130070191,3.327202119736449,27.238136430597198,1.0,3.0476190476190474,3.0476190476190474,0.0,15.0,15.0,5.28625,5.28625,0.0,0.0,0.0,0.03813614474419741,0.696875,1.4495055451626513,7.734170299665876,3.16654357792875
stps-spatial,99,16,1600,bursty,STPS-spatial,False,stps-spatial,stps,900000.0,8,0.8727180186155751,0.8344090027592891,1.3913485608607423,0.30011244592618275,0.5846941503101223,3.1494334596194236,28.832784256620485,1.0,3.0360531309297913,3.0360531309297913,0.0,15.0,15.0,5.290625,5.290625,0.0,0.0,0.0,0.04082872795912539,0.706875,1.4211404557806957,7.383100828507432,2.9607827409091017
stps,42,16,1600,bursty,STPS-spatial,True,stps-spatial,stps,900000.0,8,0.8311888921249414,0.7984410367016659,1.2798975546222862,0.23616252867625553,0.6029012106022505,3.0837789109291256,39.41144967751438,1.0,3.0018761726078798,3.018672138009917,2.965625,23.0,15.0,8.26875,5.303125,2.965625,8.0,0.0,0.03146819867850716,0.511875,1.3331687521603852,6.59019197346456,3.076188882761783
stps,21,16,1600,bursty,STPS-spatial,True,stps-spatial,stps,900000.0,8,0.8310282570437463,0.7753984438758816,1.4471708809143855,0.3491439563711263,0.6147436885965791,3.0779642202026283,37.57697178856408,1.0,2.9962546816479403,3.0137360438121874,3.0975,23.0,15.0,8.41125,5.31375,3.0975,8.0,0.0,0.034953911208046494,0.519375,1.2892643608755392,6.357265450671292,2.874393264555132
stps,123,16,1600,bursty,STPS-spatial,True,stps-spatial,stps,900000.0,8,0.7830392352725194,0.78218871241967,1.134537007034687,0.21305056733469055,0.628309668448468,2.932914075350062,38.6750255300422,1.0,2.9906542056074765,3.0074940643110315,2.995625,23.0,15.0,8.2925,5.296875,2.995625,8.0,0.0,0.03370444459568909,0.51125,1.2873615500796183,6.344485110994139,2.9220995947224226
stps,2024,16,1600,bursty,STPS-spatial,True,stps-spatial,stps,900000.0,8,0.8354247925968445,0.7812815903303822,1.497843358794502,0.31953491002280654,0.6085629259115006,3.0370719977472223,34.84680689758125,1.0,3.0476190476190474,3.0648882333433503,2.958125,23.0,15.0,8.418125,5.46,2.958125,8.0,0.0,0.03668097833861726,0.54375,1.3078122795155651,6.416780162222969,2.8037515060523783
stps,99,16,1600,bursty,STPS-spatial,True,stps-spatial,stps,900000.0,8,0.7818021342480069,0.7752552379047752,1.0877476209049664,0.18550136221467559,0.6270452300760463,2.9027182238432885,39.83903718207609,1.0,3.0360531309297913,3.0538175701871055,3.065625,23.0,15.0,8.359375,5.29375,3.065625,8.0,0.0,0.034264715965056876,0.516875,1.2861443799940135,6.556938113217861,2.917620504432991
