cards,arrival_mode,base_algo,phase_enabled,scheduler,card_id,kind,n,mean_load_mean,mean_load_ci95,max_load_mean,max_load_ci95,std_load_mean,std_load_ci95,time_cv_mean,time_cv_ci95,time_lif_mean,time_lif_ci95,time_jfi_mean,time_jfi_ci95,mean_cong_ratio_mean,mean_cong_ratio_ci95,max_cong_ratio_mean,max_cong_ratio_ci95,completed_tasks_mean,completed_tasks_ci95,throughput_mean,throughput_ci95
4,poisson,RR,False,rr,0,served,5,310089.5845331644,3823.906595583,900000.0,0.0,286432.6246718753,2345.2266678933643,0.9238609128388471,0.014014485487426748,2.9028480651105637,0.0359036384895205,0.5395644237811302,0.007531831475543883,0.05562449141866008,0.0017967658820296918,0.6362985200376693,0.03827003910711168,100.0,0.0,0.2542018426625691,0.0013671039108615296
4,poisson,RR,False,rr,1,served,5,308356.7876803532,1873.565841096433,900000.0,0.0,284962.65756076557,4371.49726954282,0.9241176216104403,0.011885151443781316,2.9188093452983623,0.01777400000731703,0.5394122905402331,0.006392347642832732,0.05497691249238307,0.0007555084742338005,0.6168733056687549,0.0007583006909445097,100.0,0.0,0.2542018426625691,0.0013671039108615296
4,poisson,RR,False,rr,2,served,5,308943.7818769325,2689.6848455023173,900000.0,0.0,287149.20561168727,4495.034026396218,0.9295496071550142,0.017699904183917335,2.9133820949219125,0.025452759972318856,0.5365427937927137,0.009494105445090195,0.05535286559272768,0.0009637654388165516,0.6279853952297436,0.012872922765156187,100.0,0.0,0.2542018426625691,0.0013671039108615296
4,poisson,RR,False,rr,3,served,5,309644.2806052961,3651.7393965042074,900000.0,0.0,288807.66856441495,3954.8506795747808,0.9327941225471895,0.014110303442436615,2.906985266410513,0.034549063233797,0.5347804553558121,0.007501137799091086,0.0553532552874188,0.002157325363142039,0.6333479959564257,0.012872922765156187,100.0,0.0,0.2542018426625691,0.0013671039108615296
4,poisson,RR,False,rr,0,demand,5,310118.02344941196,3701.7847801599282,2346736.9375,5677.182376848571,477559.9459838789,4794.066162946841,1.539997100932087,0.009928046359607904,7.568347737548182,0.09099476718784816,0.29661228645754417,0.0026992271607144593,0.05562449141866008,0.0017967658820296918,0.6362985200376693,0.03827003910711168,100.0,0.0,0.2542018426625691,0.0013671039108615296
4,poisson,RR,False,rr,1,demand,5,308336.37952505983,1867.8448859306588,2349101.9375,4635.4,474968.74476523104,4849.807951032848,1.5404419042983837,0.014546549798069583,7.61893827519729,0.050560112780338076,0.29651043281467776,0.003925341366356578,0.05497691249238307,0.0007555084742338005,0.6168733056687549,0.0007583006909445097,100.0,0.0,0.2542018426625691,0.0013671039108615296
4,poisson,RR,False,rr,2,demand,5,308943.7818769325,2689.6848455023173,2422324.08125,85046.2849410837,480387.9030394568,6823.8436546541325,1.555082911409565,0.027160034894947213,7.8418652447312995,0.2990539960093746,0.29266506216065136,0.0072507584426825126,0.05535286559272768,0.0009637654388165516,0.6279853952297436,0.012872922765156187,100.0,0.0,0.2542018426625691,0.0013671039108615296
4,poisson,RR,False,rr,3,demand,5,309290.6428585215,5219.638592535641,2457752.653125,85046.2849410837,477198.35217936983,9037.188016529333,1.5428581276029036,0.010361923344465226,7.945959496823855,0.22491718405694366,0.2958398573922157,0.002817285951706619,0.0553532552874188,0.002157325363142039,0.6333479959564257,0.012872922765156187,100.0,0.0,0.2542018426625691,0.0013671039108615296
4,poisson,RR,True,rr-phase,0,served,5,207366.48483212374,4206.564003192848,760000.0,0.0,143286.71567396238,6208.72740880867,0.6908664912144116,0.023192790003624862,3.6665896386880137,0.07485393501025722,0.6769903036750429,0.014613124451275605,0.0,0.0,0.0,0.0,78.0,1.2396128427860047,0.19828006019839214,0.003471319120684142
4,poisson,RR,True,rr-phase,1,served,5,207466.25509642417,3191.793236954236,760000.0,0.0,143690.0324150136,7345.110721756611,0.6922346059135249,0.025528778884763823,3.664145318086772,0.05612571390588006,0.6761374293185566,0.01614793499930294,0.0,0.0,0.0,0.0,77.8,0.7333648478076925,0.19775946318740126,0.0009816409386902106
4,poisson,RR,True,rr-phase,2,served,5,206062.89284263673,3450.9451630590097,760000.0,0.0,141075.6961971623,6121.143353046914,0.6845397060191116,0.02492841148165602,3.689282559741,0.062413132291051124,0.6810063953399147,0.015803189473059417,0.0,0.0,0.0,0.0,76.2,2.5100247010736765,0.193690766294561,0.00610535737051876
4,poisson,RR,True,rr-phase,3,served,5,206989.4639450392,3107.7978672780337,760000.0,0.0,142167.3368455304,6716.719912876673,0.6867317759511443,0.028936187739653854,3.6725409738514707,0.05478894440287073,0.6796368017032444,0.018443019236848584,0.0,0.0,0.0,0.0,77.0,0.8765386471799175,0.1957419037586743,0.0029173933940760672
4,poisson,RR,True,rr-phase,0,demand,5,207366.48483212374,4206.564003192848,760000.0,0.0,143286.71567396238,6208.72740880867,0.6908664912144116,0.023192790003624862,3.6665896386880137,0.07485393501025722,0.6769903036750429,0.014613124451275605,0.0,0.0,0.0,0.0,78.0,1.2396128427860047,0.19828006019839214,0.003471319120684142
4,poisson,RR,True,rr-phase,1,demand,5,207466.25509642417,3191.793236954236,760000.0,0.0,143690.0324150136,7345.110721756611,0.6922346059135249,0.025528778884763823,3.664145318086772,0.05612571390588006,0.6761374293185566,0.01614793499930294,0.0,0.0,0.0,0.0,77.8,0.7333648478076925,0.19775946318740126,0.0009816409386902106
4,poisson,RR,True,rr-phase,2,demand,5,206062.89284263673,3450.9451630590097,760000.0,0.0,141075.6961971623,6121.143353046914,0.6845397060191116,0.02492841148165602,3.689282559741,0.062413132291051124,0.6810063953399147,0.015803189473059417,0.0,0.0,0.0,0.0,76.2,2.5100247010736765,0.193690766294561,0.00610535737051876
4,poisson,RR,True,rr-phase,3,demand,5,206989.4639450392,3107.7978672780337,760000.0,0.0,142167.3368455304,6716.719912876673,0.6867317759511443,0.028936187739653854,3.6725409738514707,0.05478894440287073,0.6796368017032444,0.018443019236848584,0.0,0.0,0.0,0.0,77.0,0.8765386471799175,0.1957419037586743,0.0029173933940760672
4,poisson,BestFit,False,bestfit,0,served,5,319203.7554837242,20813.679273738104,900000.0,0.0,224433.41385384157,24504.10896106394,0.7011048519367568,0.03337191264477624,2.832421116801574,0.19051586204840715,0.6706120308853943,0.02098545455096866,0.01947518998516717,0.011525417391077335,0.49896849915250874,0.22754162003622425,114.0,3.50615458871967,0.2898289435826268,0.010171683749966668
4,poisson,BestFit,False,bestfit,1,served,5,337289.64930897194,22604.745940620818,900000.0,0.0,269641.3493406352,13845.89037630617,0.8006108400685026,0.02529347144695822,2.680572100128084,0.17552709506904135,0.6095337410711763,0.01493152142322615,0.049483761756529195,0.010578418382130387,0.5999693742662002,0.022902770563362606,103.6,4.7446576272688,0.2633068024666688,0.01112729308333455
4,poisson,BestFit,False,bestfit,2,served,5,315013.2661269929,12608.149270988675,900000.0,0.0,285035.18979284394,8106.239558150856,0.9057420396928232,0.030588821763548484,2.8617516345315415,0.11361510999977818,0.5495749240016039,0.016733125452746703,0.054893208254639995,0.005281361886910569,0.6617304215396702,0.045093385377491066,96.8,1.5679999999999998,0.24607075694999433,0.004381450334127661
4,poisson,BestFit,False,bestfit,3,served,5,288570.31865781744,16462.50442777411,900000.0,0.0,293405.2428392534,13342.587032464551,1.0178191499169797,0.028084613645809074,3.129522566849621,0.18047103066439765,0.4913746259666832,0.013658209719872562,0.04958074246159403,0.007673637378082247,0.6084315319961562,0.05219388716829582,85.6,2.0179435076334515,0.21760086765098652,0.005407695912414284
4,poisson,BestFit,False,bestfit,0,demand,5,319301.6253737114,20856.321612618074,1996393.76875,536580.739268305,311906.1134502578,69670.57535144346,0.9661356675816913,0.16325375341447107,6.17518037208025,1.4536477886333095,0.5237325667333366,0.0890716308779239,0.01947518998516717,0.011525417391077335,0.49896849915250874,0.22754162003622425,114.0,3.50615458871967,0.2898289435826268,0.010171683749966668
4,poisson,BestFit,False,bestfit,1,demand,5,337124.07175034645,22684.936105797926,2257101.959375,122100.32149974912,455969.961940534,40427.95322054271,1.350780121364535,0.03540662931718844,6.733744141447118,0.6463164647055117,0.3542890404464798,0.01187244579662745,0.049483761756529195,0.010578418382130387,0.5999693742662002,0.022902770563362606,103.6,4.7446576272688,0.2633068024666688,0.01112729308333455
4,poisson,BestFit,False,bestfit,2,demand,5,314449.2520842714,13446.415876532381,2253340.29375,119633.0953507416,478452.83160340926,21181.961917993747,1.521914849950844,0.03781854755529906,7.166193211135551,0.24361708148371744,0.30179019625872405,0.010444976438815836,0.054893208254639995,0.005281361886910569,0.6617304215396702,0.045093385377491066,96.8,1.5679999999999998,0.24607075694999433,0.004381450334127661
4,poisson,BestFit,False,bestfit,3,demand,5,289113.5971193559,17269.17357644555,2188052.41875,152012.193157121,471344.71999157063,33107.65698554186,1.6294423827299636,0.02958469256769648,7.612916720308855,0.8412614878562317,0.27372093711309214,0.007164405988883361,0.04958074246159403,0.007673637378082247,0.6084315319961562,0.05219388716829582,85.6,2.0179435076334515,0.21760086765098652,0.005407695912414284
4,poisson,BestFit,True,bestfit-phase,0,served,5,259818.09649986244,4375.999109206315,824755.6,51815.271476004986,151557.9317053782,7064.333539326366,0.5832508982495184,0.02362284709923128,3.176868543223709,0.22853585688981715,0.746174459416227,0.015326972400334324,0.0,0.0,0.0,0.0,98.6,4.864592069228416,0.25070928592554975,0.013671500083342576
4,poisson,BestFit,True,bestfit-phase,1,served,5,224628.86053575715,5818.268138836954,846340.8,42306.992,152240.45192550667,4676.642968716385,0.678689292588389,0.03678369305684873,3.7676646308182686,0.16418694497325745,0.6848108048662563,0.02340059733291119,0.0,0.0,0.0,0.0,89.4,4.231058496404889,0.2272134818129898,0.009908451581915199
4,poisson,BestFit,True,bestfit-phase,2,served,5,196699.7309671241,12936.078986214055,824755.6,51815.271476004986,148075.0542037397,14445.20268548139,0.759406239778244,0.11577442688640616,4.214240127441098,0.4056715555933458,0.6370015404854711,0.06784592936162512,0.0,0.0,0.0,0.0,77.4,7.706564474524299,0.19668620010226937,0.01887619421190365
4,poisson,BestFit,True,bestfit-phase,3,served,5,179338.83090062038,8114.492935663583,863596.4,8486.015999999998,157171.8458606539,9371.679707025389,0.8771257379761349,0.04979484923948058,4.824185708842864,0.18903473480071717,0.5657795644210618,0.02823875784472371,0.0,0.0,0.0,0.0,67.4,6.185655664519324,0.17136253106984972,0.016050844688875153
4,poisson,BestFit,True,bestfit-phase,0,demand,5,259818.09649986244,4375.999109206315,824755.6,51815.271476004986,151557.9317053782,7064.333539326366,0.5832508982495184,0.02362284709923128,3.176868543223709,0.22853585688981715,0.746174459416227,0.015326972400334324,0.0,0.0,0.0,0.0,98.6,4.864592069228416,0.25070928592554975,0.013671500083342576
4,poisson,BestFit,True,bestfit-phase,1,demand,5,224628.86053575715,5818.268138836954,846340.8,42306.992,152240.45192550667,4676.642968716385,0.678689292588389,0.03678369305684873,3.7676646308182686,0.16418694497325745,0.6848108048662563,0.02340059733291119,0.0,0.0,0.0,0.0,89.4,4.231058496404889,0.2272134818129898,0.009908451581915199
4,poisson,BestFit,True,bestfit-phase,2,demand,5,196699.7309671241,12936.078986214055,824755.6,51815.271476004986,148075.0542037397,14445.20268548139,0.759406239778244,0.11577442688640616,4.214240127441098,0.4056715555933458,0.6370015404854711,0.06784592936162512,0.0,0.0,0.0,0.0,77.4,7.706564474524299,0.19668620010226937,0.01887619421190365
4,poisson,BestFit,True,bestfit-phase,3,demand,5,179338.83090062038,8114.492935663583,863596.4,8486.015999999998,157171.8458606539,9371.679707025389,0.8771257379761349,0.04979484923948058,4.824185708842864,0.18903473480071717,0.5657795644210618,0.02823875784472371,0.0,0.0,0.0,0.0,67.4,6.185655664519324,0.17136253106984972,0.016050844688875153
4,poisson,DRF,False,drf,0,served,5,319203.7554837242,20813.679273738104,900000.0,0.0,224433.41385384157,24504.10896106394,0.7011048519367568,0.03337191264477624,2.832421116801574,0.19051586204840715,0.6706120308853943,0.02098545455096866,0.01947518998516717,0.011525417391077335,0.49896849915250874,0.22754162003622425,114.0,3.50615458871967,0.2898289435826268,0.010171683749966668
4,poisson,DRF,False,drf,1,served,5,337289.64930897194,22604.745940620818,900000.0,0.0,269641.3493406352,13845.89037630617,0.8006108400685026,0.02529347144695822,2.680572100128084,0.17552709506904135,0.6095337410711763,0.01493152142322615,0.049483761756529195,0.010578418382130387,0.5999693742662002,0.022902770563362606,103.6,4.7446576272688,0.2633068024666688,0.01112729308333455
4,poisson,DRF,False,drf,2,served,5,315013.2661269929,12608.149270988675,900000.0,0.0,285035.18979284394,8106.239558150856,0.9057420396928232,0.030588821763548484,2.8617516345315415,0.11361510999977818,0.5495749240016039,0.016733125452746703,0.054893208254639995,0.005281361886910569,0.6617304215396702,0.045093385377491066,96.8,1.5679999999999998,0.24607075694999433,0.004381450334127661
4,poisson,DRF,False,drf,3,served,5,288570.31865781744,16462.50442777411,900000.0,0.0,293405.2428392534,13342.587032464551,1.0178191499169797,0.028084613645809074,3.129522566849621,0.18047103066439765,0.4913746259666832,0.013658209719872562,0.04958074246159403,0.007673637378082247,0.6084315319961562,0.05219388716829582,85.6,2.0179435076334515,0.21760086765098652,0.005407695912414284
4,poisson,DRF,False,drf,0,demand,5,319301.6253737114,20856.321612618074,1996393.76875,536580.739268305,311906.1134502578,69670.57535144346,0.9661356675816913,0.16325375341447107,6.17518037208025,1.4536477886333095,0.5237325667333366,0.0890716308779239,0.01947518998516717,0.011525417391077335,0.49896849915250874,0.22754162003622425,114.0,3.50615458871967,0.2898289435826268,0.010171683749966668
4,poisson,DRF,False,drf,1,demand,5,337124.07175034645,22684.936105797926,2257101.959375,122100.32149974912,455969.961940534,40427.95322054271,1.350780121364535,0.03540662931718844,6.733744141447118,0.6463164647055117,0.3542890404464798,0.01187244579662745,0.049483761756529195,0.010578418382130387,0.5999693742662002,0.022902770563362606,103.6,4.7446576272688,0.2633068024666688,0.01112729308333455
4,poisson,DRF,False,drf,2,demand,5,314449.2520842714,13446.415876532381,2253340.29375,119633.0953507416,478452.83160340926,21181.961917993747,1.521914849950844,0.03781854755529906,7.166193211135551,0.24361708148371744,0.30179019625872405,0.010444976438815836,0.054893208254639995,0.005281361886910569,0.6617304215396702,0.045093385377491066,96.8,1.5679999999999998,0.24607075694999433,0.004381450334127661
4,poisson,DRF,False,drf,3,demand,5,289113.5971193559,17269.17357644555,2188052.41875,152012.193157121,471344.71999157063,33107.65698554186,1.6294423827299636,0.02958469256769648,7.612916720308855,0.8412614878562317,0.27372093711309214,0.007164405988883361,0.04958074246159403,0.007673637378082247,0.6084315319961562,0.05219388716829582,85.6,2.0179435076334515,0.21760086765098652,0.005407695912414284
4,poisson,DRF,True,drf-phase,0,served,5,259818.09649986244,4375.999109206315,824755.6,51815.271476004986,151557.9317053782,7064.333539326366,0.5832508982495184,0.02362284709923128,3.176868543223709,0.22853585688981715,0.746174459416227,0.015326972400334324,0.0,0.0,0.0,0.0,98.6,4.864592069228416,0.25070928592554975,0.013671500083342576
4,poisson,DRF,True,drf-phase,1,served,5,224628.86053575715,5818.268138836954,846340.8,42306.992,152240.45192550667,4676.642968716385,0.678689292588389,0.03678369305684873,3.7676646308182686,0.16418694497325745,0.6848108048662563,0.02340059733291119,0.0,0.0,0.0,0.0,89.4,4.231058496404889,0.2272134818129898,0.009908451581915199
4,poisson,DRF,True,drf-phase,2,served,5,196699.7309671241,12936.078986214055,824755.6,51815.271476004986,148075.0542037397,14445.20268548139,0.759406239778244,0.11577442688640616,4.214240127441098,0.4056715555933458,0.6370015404854711,0.06784592936162512,0.0,0.0,0.0,0.0,77.4,7.706564474524299,0.19668620010226937,0.01887619421190365
4,poisson,DRF,True,drf-phase,3,served,5,179338.83090062038,8114.492935663583,863596.4,8486.015999999998,157171.8458606539,9371.679707025389,0.8771257379761349,0.04979484923948058,4.824185708842864,0.18903473480071717,0.5657795644210618,0.02823875784472371,0.0,0.0,0.0,0.0,67.4,6.185655664519324,0.17136253106984972,0.016050844688875153
4,poisson,DRF,True,drf-phase,0,demand,5,259818.09649986244,4375.999109206315,824755.6,51815.271476004986,151557.9317053782,7064.333539326366,0.5832508982495184,0.02362284709923128,3.176868543223709,0.22853585688981715,0.746174459416227,0.015326972400334324,0.0,0.0,0.0,0.0,98.6,4.864592069228416,0.25070928592554975,0.013671500083342576
4,poisson,DRF,True,drf-phase,1,demand,5,224628.86053575715,5818.268138836954,846340.8,42306.992,152240.45192550667,4676.642968716385,0.678689292588389,0.03678369305684873,3.7676646308182686,0.16418694497325745,0.6848108048662563,0.02340059733291119,0.0,0.0,0.0,0.0,89.4,4.231058496404889,0.2272134818129898,0.009908451581915199
4,poisson,DRF,True,drf-phase,2,demand,5,196699.7309671241,12936.078986214055,824755.6,51815.271476004986,148075.0542037397,14445.20268548139,0.759406239778244,0.11577442688640616,4.214240127441098,0.4056715555933458,0.6370015404854711,0.06784592936162512,0.0,0.0,0.0,0.0,77.4,7.706564474524299,0.19668620010226937,0.01887619421190365
4,poisson,DRF,True,drf-phase,3,demand,5,179338.83090062038,8114.492935663583,863596.4,8486.015999999998,157171.8458606539,9371.679707025389,0.8771257379761349,0.04979484923948058,4.824185708842864,0.18903473480071717,0.5657795644210618,0.02823875784472371,0.0,0.0,0.0,0.0,67.4,6.185655664519324,0.17136253106984972,0.016050844688875153
4,poisson,P2C,False,p2c,0,served,5,310222.48703547,21417.720269856094,900000.0,0.0,298411.6526196605,16645.617532574397,0.9645703069586291,0.057726292400275915,2.915975529252522,0.20663629470424982,0.5188898135440287,0.029834842246623066,0.04787250932552832,0.01000209050668296,0.6777488686379237,0.01750256433680145,100.0,5.259231883079505,0.25421369772527735,0.013637065902602136
4,poisson,P2C,False,p2c,1,served,5,310477.23564869165,24570.35302968841,900000.0,0.0,308637.15818260564,10396.419557770787,0.999080255467151,0.06750764435322984,2.9181661162417076,0.2362341299471675,0.5016403642983887,0.03270096285566719,0.059401538139596914,0.01197702904315728,0.6603214232566865,0.031860908478070896,98.2,7.396241207532376,0.2495967339557448,0.01841242522513186
4,poisson,P2C,False,p2c,2,served,5,302738.36431072565,18306.233458840197,900000.0,0.0,301669.6049919334,9047.494322581935,0.9992454903278317,0.05143669941208375,2.983755262149917,0.1731982077085841,0.5010641654810024,0.026026550420995307,0.050675774732888444,0.012359352930276034,0.6573270350506398,0.02624788397601819,101.8,5.200467671277266,0.25884056954948537,0.01448257818670057
4,poisson,P2C,False,p2c,3,served,5,318293.63770151685,10295.523002465305,900000.0,0.0,300741.3338897175,13506.1584041358,0.9452797236889088,0.040866832778601585,2.8306984238062127,0.09269649423088287,0.5285368170951599,0.0215599887956454,0.04672422703768731,0.004691261753709884,0.649466229406517,0.02603758228365792,100.0,6.761289817778852,0.2541563694197689,0.016584532397203682
4,poisson,P2C,False,p2c,0,demand,5,309746.53762091306,21422.812739139645,2800861.30625,141653.44048281288,472282.04565698386,48600.57207420266,1.5250074838656729,0.12107370195691754,9.087711966177233,0.7962547117074551,0.30320362196926764,0.03426031351904828,0.04787250932552832,0.01000209050668296,0.6777488686379237,0.01750256433680145,100.0,5.259231883079505,0.25421369772527735,0.013637065902602136
4,poisson,P2C,False,p2c,1,demand,5,310680.85104860424,24212.597624478592,2676687.16875,278757.3571835213,513174.6592743783,37947.02365340001,1.6564620686917904,0.10958038231254137,8.63049832624998,0.7219415229333898,0.2688466169206687,0.02643776444708494,0.059401538139596914,0.01197702904315728,0.6603214232566865,0.031860908478070896,98.2,7.396241207532376,0.2495967339557448,0.01841242522513186
4,poisson,P2C,False,p2c,2,demand,5,302192.47858938255,18794.079913544392,2622034.1,183543.32992391055,483675.9072063817,46051.83303381603,1.6001531665360835,0.1192824263709695,8.694587116003174,0.6306253723437107,0.2830987876792219,0.03114857404776089,0.050675774732888444,0.012359352930276034,0.6573270350506398,0.02624788397601819,101.8,5.200467671277266,0.25884056954948537,0.01448257818670057
4,poisson,P2C,False,p2c,3,demand,5,318874.51521187235,10380.116713730264,2582165.553125,189582.97722916305,466663.43896702817,21873.145259348457,1.4646482971820196,0.07714688767040657,8.115106725079858,0.7527007169646603,0.31902130012224045,0.022715561289697962,0.04672422703768731,0.004691261753709884,0.649466229406517,0.02603758228365792,100.0,6.761289817778852,0.2541563694197689,0.016584532397203682
4,poisson,P2C,True,p2c-phase,0,served,5,224066.29720474442,12420.823646217843,831401.5375,45688.168480712186,193981.00833909636,7313.590305832382,0.8683637038533549,0.05487651636579908,3.7317320986281084,0.3929532760934699,0.570835525965112,0.03095993866641935,0.0,0.0,0.0,0.0,79.8,5.088455954412891,0.20281651235984316,0.012355039305188718
4,poisson,P2C,True,p2c-phase,1,served,5,196393.7792221814,10571.522229228089,873054.13125,7497.0425385585195,189496.16256032453,12424.44697511432,0.9657141049460947,0.05157181939784981,4.461006359696041,0.2795542957788098,0.518125404058675,0.02647592734548727,0.0,0.0,0.0,0.0,77.8,6.48283148014816,0.19778140333886104,0.016583708663680738
4,poisson,P2C,True,p2c-phase,2,served,5,204947.81254569988,31607.737861251295,820299.4875,40754.18950342104,190606.92914976118,13172.705242339365,0.9445380691012679,0.09692767202666969,4.098823942913423,0.6497222473003509,0.5309010661510316,0.05026141167199544,0.0,0.0,0.0,0.0,80.6,4.231058496404889,0.204921921048999,0.011421052405088807
4,poisson,P2C,True,p2c-phase,3,served,5,214232.79969498233,23486.54359723818,827131.43125,44898.71840066112,198812.34635686202,7484.354082074416,0.9363542146636682,0.07502141683447701,3.9109239637133717,0.511749970470438,0.5342781625936158,0.038996120362661583,0.0,0.0,0.0,0.0,79.6,5.564467270098729,0.20231252288241852,0.01370346180335935
4,poisson,P2C,True,p2c-phase,0,demand,5,224066.29720474442,12420.823646217843,831401.5375,45688.168480712186,193981.00833909636,7313.590305832382,0.8683637038533549,0.05487651636579908,3.7317320986281084,0.3929532760934699,0.570835525965112,0.03095993866641935,0.0,0.0,0.0,0.0,79.8,5.088455954412891,0.20281651235984316,0.012355039305188718
4,poisson,P2C,True,p2c-phase,1,demand,5,196393.7792221814,10571.522229228089,873054.13125,7497.0425385585195,189496.16256032453,12424.44697511432,0.9657141049460947,0.05157181939784981,4.461006359696041,0.2795542957788098,0.518125404058675,0.02647592734548727,0.0,0.0,0.0,0.0,77.8,6.48283148014816,0.19778140333886104,0.016583708663680738
4,poisson,P2C,True,p2c-phase,2,demand,5,204947.81254569988,31607.737861251295,820299.4875,40754.18950342104,190606.92914976118,13172.705242339365,0.9445380691012679,0.09692767202666969,4.098823942913423,0.6497222473003509,0.5309010661510316,0.05026141167199544,0.0,0.0,0.0,0.0,80.6,4.231058496404889,0.204921921048999,0.011421052405088807
4,poisson,P2C,True,p2c-phase,3,demand,5,214232.79969498233,23486.54359723818,827131.43125,44898.71840066112,198812.34635686202,7484.354082074416,0.9363542146636682,0.07502141683447701,3.9109239637133717,0.511749970470438,0.5342781625936158,0.038996120362661583,0.0,0.0,0.0,0.0,79.6,5.564467270098729,0.20231252288241852,0.01370346180335935
4,poisson,STPS-spatial,False,stps-spatial,0,served,5,307663.7456174579,19166.450324043773,900000.0,0.0,240471.24381791233,12673.915696956867,0.7831390451408812,0.04157547061934378,2.936752704510557,0.17718109573879337,0.6202033792192768,0.024979523900793076,0.021311971439893197,0.003435574791798467,0.5916093930234941,0.05078425338513925,117.6,5.020049402147353,0.2988807728724748,0.01144136666808621
4,poisson,STPS-spatial,False,stps-spatial,1,served,5,314865.7577468325,20132.077525595607,900000.0,0.0,262889.47092229204,5692.957504025593,0.8372771048212778,0.03662739036653935,2.8697686054258345,0.17151126459840974,0.5881863939232388,0.021371830971105395,0.03841898964026782,0.007864505819194848,0.6131361265776643,0.041920734918873825,102.0,3.968697519338051,0.25931430966009317,0.010854546072961517
4,poisson,STPS-spatial,False,stps-spatial,2,served,5,338389.5011183021,28345.559911122447,900000.0,0.0,299133.3507006836,19231.18874585363,0.8878429504664036,0.06370998381984373,2.6804279479750877,0.23902434780865034,0.5601978077639208,0.03567711515156601,0.06113971275288035,0.012342590054354504,0.670700307071644,0.04398398740024537,96.6,6.806592098840652,0.24556447467495648,0.0174452938761816
4,poisson,STPS-spatial,False,stps-spatial,3,served,5,302221.8187973425,12456.781504881897,900000.0,0.0,291311.15625105763,18798.914263536324,0.963120931455053,0.032609148762387644,2.983388571260952,0.1269224845812223,0.5190539552943261,0.017097570947175914,0.05133559684887979,0.00833572813736137,0.60552388274691,0.048842302659234234,83.8,2.1825636302293683,0.21304781344275198,0.006566739210158247
4,poisson,STPS-spatial,False,stps-spatial,0,demand,5,306784.94412459736,19217.283766194454,2059426.16875,92263.660862978,335035.3152449452,21911.83368587913,1.093210900169791,0.055674856537330085,6.737063522614653,0.4917578556780424,0.4563471354773372,0.02542361355706699,0.021311971439893197,0.003435574791798467,0.5916093930234941,0.05078425338513925,117.6,5.020049402147353,0.2988807728724748,0.01144136666808621
4,poisson,STPS-spatial,False,stps-spatial,1,demand,5,315347.51318987046,21022.88170504503,2250006.959375,119543.64229241977,415185.4274933214,31052.959678346386,1.3159517347766163,0.018268820048977875,7.155066450830012,0.4584749103629939,0.3661404980812092,0.006516158355693993,0.03841898964026782,0.007864505819194848,0.6131361265776643,0.041920734918873825,102.0,3.968697519338051,0.25931430966009317,0.010854546072961517
4,poisson,STPS-spatial,False,stps-spatial,2,demand,5,338121.3240202617,28746.07022171895,2346736.9375,5677.182376848571,506861.40785137436,44107.557948868314,1.5005477387640116,0.07391787644674891,6.996610943465892,0.6374928029622894,0.30847458729303906,0.020572541984576722,0.06113971275288035,0.012342590054354504,0.670700307071644,0.04398398740024537,96.6,6.806592098840652,0.24556447467495648,0.0174452938761816
4,poisson,STPS-spatial,False,stps-spatial,3,demand,5,302709.7505922143,12912.790483519935,2186115.75625,154473.8738214288,474188.7351918169,37287.32397065569,1.5641839108303668,0.06845140390624892,7.246214510397744,0.701974544620145,0.2909180075961033,0.018997998432501835,0.05133559684887979,0.00833572813736137,0.60552388274691,0.048842302659234234,83.8,2.1825636302293683,0.21304781344275198,0.006566739210158247
4,poisson,STPS-spatial,True,stps,0,served,5,319769.02492651215,22943.601895295425,900000.0,0.0,246287.82210468958,25294.379399048263,0.7694243595865603,0.04618558768408255,2.8294928965782673,0.20079255674293645,0.6285693406479193,0.02781840833711292,0.03456687504216347,0.011803809435691115,0.6218141960806591,0.0484814917459433,103.2,3.3030507110851324,0.2619374643125194,0.008489365085308644
4,poisson,STPS-spatial,True,stps,1,served,5,320350.58858143137,10984.934418944127,900000.0,0.0,257735.4782537117,12734.284321110506,0.8044300092509736,0.02603801547953331,2.8127768167190474,0.09400979766408792,0.6072760502892309,0.015292745300382833,0.036566057712082344,0.004590187595013127,0.6235946632607338,0.05506873078082158,100.6,2.2857331427793577,0.2553482622486088,0.006287502093654561
4,poisson,STPS-spatial,True,stps,2,served,5,317989.4927241284,15524.082087843231,900000.0,0.0,262662.14651604736,17109.940640254466,0.8253685014259402,0.01686729545265443,2.8375190747138506,0.14241621459914192,0.5948666790492564,0.009834053227578046,0.03913451555023574,0.008446767478818269,0.6088417636483134,0.05714093147289356,98.8,2.8672328123122477,0.250753652112914,0.00680840735879581
4,poisson,STPS-spatial,True,stps,3,served,5,312506.6266424207,19370.998812735357,900000.0,0.0,276984.2231956941,18811.919620419107,0.8863887112576814,0.027062224878064707,2.8917262906131826,0.18292315305139348,0.5601910562315231,0.015010325775322006,0.04339474700640686,0.011916862985899227,0.6409877472736836,0.047461359659604685,97.4,3.997631298656743,0.24724137153224213,0.01078389550472972
4,poisson,STPS-spatial,True,stps,0,demand,5,319096.4784584663,23292.87590409381,2141932.35625,108826.23334098188,392587.0023440013,58764.53385232599,1.2244095943750386,0.1135948168414605,6.754050900100232,0.6446210946856316,0.40318134778061426,0.04640332869628611,0.03456687504216347,0.011803809435691115,0.6218141960806591,0.0484814917459433,103.2,3.3030507110851324,0.2619374643125194,0.008489365085308644
4,poisson,STPS-spatial,True,stps,1,demand,5,320808.4871918303,10467.66654063953,2084249.34375,95119.79238606415,411020.98195123504,25482.814815522852,1.2807771430172878,0.0590068258821571,6.499750425674598,0.28302918932232923,0.3794998389090776,0.021506936505147192,0.036566057712082344,0.004590187595013127,0.6235946632607338,0.05506873078082158,100.6,2.2857331427793577,0.2553482622486088,0.006287502093654561
4,poisson,STPS-spatial,True,stps,2,demand,5,317311.00020772696,15737.241983674443,2063376.56875,77621.16373591514,420209.1259572844,38006.17347095116,1.321469597517406,0.05613005039553399,6.514449295071857,0.3138567723624985,0.36480258953899086,0.019822525751278512,0.03913451555023574,0.008446767478818269,0.6088417636483134,0.05714093147289356,98.8,2.8672328123122477,0.250753652112914,0.00680840735879581
4,poisson,STPS-spatial,True,stps,3,demand,5,312506.6266424207,19370.998812735357,2127947.984375,126599.16845477218,442015.44548319816,52893.266328224636,1.409745995502418,0.09802171437379369,6.831484250054067,0.5210228854650305,0.3366347773756695,0.03194370020603639,0.04339474700640686,0.011916862985899227,0.6409877472736836,0.047461359659604685,97.4,3.997631298656743,0.24724137153224213,0.01078389550472972
4,bursty,RR,False,rr,0,served,5,300821.7391070935,17528.648019266057,900000.0,0.0,301526.3063316843,11276.789464141444,1.0041962740442116,0.03976308901651445,3.002525102262382,0.1768322992260822,0.49831709298204185,0.019561540069287096,0.0584466838455588,0.005996906269277466,0.6561453269945511,0.015085077837741549,100.4,1.9203999583420115,0.25432791979869435,0.005268194212221067
4,bursty,RR,False,rr,1,served,5,294697.6876745081,16786.512929501012,900000.0,0.0,299027.2977677532,5063.705078698138,1.017108723222874,0.04146388710074591,3.0638224025817395,0.16624866859122536,0.4919655528455072,0.02086389959374132,0.0579503041683334,0.005998525958444628,0.6385228972674442,0.010424812194789346,99.6,0.9994078246641858,0.25231121934683903,0.003895483405739621
4,bursty,RR,False,rr,2,served,5,295623.23415516765,6926.89226020851,900000.0,0.0,300341.00130942784,6927.3045963049835,1.0162090798466763,0.021958364095824454,3.0461490622876743,0.07105293630776005,0.49208644601938745,0.010721093497513748,0.05817209019988757,0.004382787600552807,0.6546687166910572,0.04140522834171514,100.2,2.432296034614208,0.25381181112742957,0.006098174830009591
4,bursty,RR,False,rr,3,served,5,292460.8329584624,15227.712127702986,900000.0,0.0,296367.9072490427,6410.195479788341,1.0153912945868633,0.04107443940074933,3.085834623099806,0.15686906234663797,0.4928020546899064,0.0202915860426657,0.053346707981171276,0.00572891047638324,0.6346232242967953,0.014261868903759866,99.8,1.1428665713896788,0.2528292938213456,0.00478096735894202
4,bursty,RR,False,rr,0,demand,5,299477.70272540237,19334.98738566579,2541022.6625,140442.22820271758,491707.59487597033,24821.538804479846,1.6436335020808572,0.03416308944676989,8.5019560849154,0.44025896138459064,0.2703260157185163,0.008021263933520264,0.0584466838455588,0.005996906269277466,0.6561453269945511,0.015085077837741549,100.4,1.9203999583420115,0.25432791979869435,0.005268194212221067
4,bursty,RR,False,rr,1,demand,5,294291.8920767035,16836.819281359534,2455387.653125,87961.24592980686,490538.616601719,17715.359738321735,1.6690845289237335,0.0441915435235102,8.361281446626927,0.39367388643854634,0.26441981222965855,0.010407007932480497,0.0579503041683334,0.005998525958444628,0.6385228972674442,0.010424812194789346,99.6,0.9994078246641858,0.25231121934683903,0.003895483405739621
4,bursty,RR,False,rr,2,demand,5,295372.31261059,6609.913438401328,2424804.775,126800.25028010813,490760.56407551485,11709.937479525568,1.6615165520196469,0.015802414397619306,8.210891334390325,0.4236430975037534,0.26594807116331337,0.0037261992029604995,0.05817209019988757,0.004382787600552807,0.6546687166910572,0.04140522834171514,100.2,2.432296034614208,0.25381181112742957,0.006098174830009591
4,bursty,RR,False,rr,3,demand,5,291719.47959359613,16358.604772602039,2455387.653125,83261.48770820771,476174.5737405513,17888.251520043526,1.6342654250298454,0.039548132173869474,8.459725468729228,0.7363203679341208,0.27265169459901545,0.009733609663232909,0.053346707981171276,0.00572891047638324,0.6346232242967953,0.014261868903759866,99.8,1.1428665713896788,0.2528292938213456,0.00478096735894202
4,bursty,RR,True,rr-phase,0,served,5,201317.06803040908,5923.059036084459,789097.028125,35281.136683348894,166982.65527915888,6612.631149419463,0.8308004508207258,0.051034416946415244,3.926525592560986,0.26340449556744433,0.5922312916245238,0.02972282959139697,0.0,0.0,0.0,0.0,77.6,1.8176292251171577,0.19659253200672394,0.005606508103670935
4,bursty,RR,True,rr-phase,1,served,5,196837.90580316362,6781.765100176834,760000.0,0.0,162872.13808366432,8486.859611652431,0.8286572877952073,0.05432609121098247,3.865871424964805,0.13461826552904457,0.593567849534121,0.03133917330665332,0.0,0.0,0.0,0.0,75.2,1.1428665713896788,0.19047699641880436,0.0022147095060405823
4,bursty,RR,True,rr-phase,2,served,5,200405.67923833552,6720.209873839159,788992.43125,37330.378571913454,161251.55982287702,5657.259394145604,0.8045952653470928,0.004301667810582578,3.943056042087915,0.25246822469862906,0.6070309187171103,0.002553321173872306,0.0,0.0,0.0,0.0,76.0,1.8594192641790066,0.1924816558028245,0.0032898227051165584
4,bursty,RR,True,rr-phase,3,served,5,200887.62997379256,5130.421315007033,784154.56875,47342.95475,155678.39827164853,14382.211908549254,0.7750003475884278,0.0684138609233663,3.90382124035412,0.21582896844177404,0.6257063014133819,0.041183617812860354,0.0,0.0,0.0,0.0,77.4,1.592311527308648,0.19605989779765637,0.004051646722220266
4,bursty,RR,True,rr-phase,0,demand,5,201317.06803040908,5923.059036084459,789097.028125,35281.136683348894,166982.65527915888,6612.631149419463,0.8308004508207258,0.051034416946415244,3.926525592560986,0.26340449556744433,0.5922312916245238,0.02972282959139697,0.0,0.0,0.0,0.0,77.6,1.8176292251171577,0.19659253200672394,0.005606508103670935
4,bursty,RR,True,rr-phase,1,demand,5,196837.90580316362,6781.765100176834,760000.0,0.0,162872.13808366432,8486.859611652431,0.8286572877952073,0.05432609121098247,3.865871424964805,0.13461826552904457,0.593567849534121,0.03133917330665332,0.0,0.0,0.0,0.0,75.2,1.1428665713896788,0.19047699641880436,0.0022147095060405823
4,bursty,RR,True,rr-phase,2,demand,5,200405.67923833552,6720.209873839159,788992.43125,37330.378571913454,161251.55982287702,5657.259394145604,0.8045952653470928,0.004301667810582578,3.943056042087915,0.25246822469862906,0.6070309187171103,0.002553321173872306,0.0,0.0,0.0,0.0,76.0,1.8594192641790066,0.1924816558028245,0.0032898227051165584
4,bursty,RR,True,rr-phase,3,demand,5,200887.62997379256,5130.421315007033,784154.56875,47342.95475,155678.39827164853,14382.211908549254,0.7750003475884278,0.0684138609233663,3.90382124035412,0.21582896844177404,0.6257063014133819,0.041183617812860354,0.0,0.0,0.0,0.0,77.4,1.592311527308648,0.19605989779765637,0.004051646722220266
4,bursty,BestFit,False,bestfit,0,served,5,320064.6571499473,11065.077759226888,900000.0,0.0,255456.78099922204,15158.574005356832,0.7981568477728919,0.038113443843075294,2.8154940648951525,0.09897933836827953,0.6111659010444933,0.022692147804732585,0.025539415976539664,0.0080790055166095,0.6235490223836857,0.014314991074380745,116.2,4.935153898309554,0.2943611592961522,0.012896805992406318
4,bursty,BestFit,False,bestfit,1,served,5,311975.52199912525,11416.759707836474,900000.0,0.0,282185.89622379997,15316.607681972573,0.9053634066555025,0.05251946789420762,2.8888853980522233,0.10620042601413726,0.5502396464350372,0.028652307634754615,0.04467210101520868,0.006649292675517676,0.6806183583015152,0.04291491698300321,101.0,7.01230917743934,0.2556945709866777,0.01576039553254779
4,bursty,BestFit,False,bestfit,2,served,5,304864.1201825309,15939.073699626759,900000.0,0.0,301075.9695801196,13861.07463795289,0.9890726470065903,0.04619075877592036,2.960664867382937,0.1568206920503951,0.5060469881124235,0.023671101385016522,0.0525564833408271,0.007915084003020418,0.6701595174049262,0.04885321198087153,94.0,4.919560956020364,0.2381970347779671,0.013976880986465727
4,bursty,BestFit,False,bestfit,3,served,5,277049.0888090153,18295.74657636818,900000.0,0.0,308471.25453428517,6701.865186356925,1.1171581562061192,0.056593336171521395,3.2635258581837707,0.2185467547778275,0.4456289631136142,0.024432004805789758,0.052071317205173114,0.005966256959750356,0.6957176186839371,0.011781928171655066,88.8,6.885153883538115,0.22502747903351156,0.01866213250689667
4,bursty,BestFit,False,bestfit,0,demand,5,320432.17137389287,11551.485721564215,2293360.934375,141482.30858443843,358080.94167641597,39550.84588527537,1.116452201311957,0.10604640434201759,7.15512769603919,0.33103183021499505,0.4479737800524242,0.04767418231770829,0.025539415976539664,0.0080790055166095,0.6235490223836857,0.014314991074380745,116.2,4.935153898309554,0.2943611592961522,0.012896805992406318
4,bursty,BestFit,False,bestfit,1,demand,5,311723.69868010137,11534.02897705305,2315095.709375,87455.70182962611,440546.1853161816,30435.535636148357,1.4146043243284607,0.10198890331894075,7.445601118494811,0.5210189483608693,0.33520283457108474,0.031866796626571214,0.04467210101520868,0.006649292675517676,0.6806183583015152,0.04291491698300321,101.0,7.01230917743934,0.2556945709866777,0.01576039553254779
4,bursty,BestFit,False,bestfit,2,demand,5,304958.2362756274,15423.95855273756,2386542.159375,212635.51394414276,480441.49739475606,23680.718732254874,1.576107925098538,0.03836435364832054,7.8272822721416,0.5873867321878549,0.28725242570909476,0.010075591944374955,0.0525564833408271,0.007915084003020418,0.6701595174049262,0.04885321198087153,94.0,4.919560956020364,0.2381970347779671,0.013976880986465727
4,bursty,BestFit,False,bestfit,3,demand,5,275429.3451706996,20492.157467780882,2228530.48125,162554.2447606481,480671.94694140885,18955.920754737872,1.750367025723101,0.07073730015497201,8.117310889237004,0.621584633939672,0.24669457228466826,0.014473920328066457,0.052071317205173114,0.005966256959750356,0.6957176186839371,0.011781928171655066,88.8,6.885153883538115,0.22502747903351156,0.01866213250689667
4,bursty,BestFit,True,bestfit-phase,0,served,5,245910.40955014987,8523.978070248093,779428.55625,38079.97025,166256.03933509233,9584.068417685696,0.6761716076942128,0.03358127451514506,3.1733470308874874,0.18567444930784743,0.6863917509986998,0.021279245481839057,0.0,0.0,0.0,0.0,91.0,5.68061968450626,0.2299694006868028,0.013197073150133541
4,bursty,BestFit,True,bestfit-phase,1,served,5,219252.98860947244,4206.905297311053,807170.365625,46594.11596938322,172067.58327976678,12003.568398050043,0.78496812928791,0.054669140919990734,3.6844835215558747,0.24917253757218694,0.6193492445200158,0.033098098367406466,0.0,0.0,0.0,0.0,82.4,2.5252833504381242,0.2083459348919664,0.0077353993215749876
4,bursty,BestFit,True,bestfit-phase,2,served,5,189108.06850961436,14750.015606623638,871361.0,6732.599999999999,166823.73801815597,8669.723796142245,0.8893175341016699,0.09540046134176813,4.637925250305906,0.3742254569645406,0.5605489637787009,0.05437338030039723,0.0,0.0,0.0,0.0,78.6,3.3721115046807095,0.1987503425380516,0.009706696086712032
4,bursty,BestFit,True,bestfit-phase,3,served,5,166873.22924017947,8492.851644728435,857742.8666015625,48619.92615332819,175641.1052211375,8781.527393346048,1.0534245637395534,0.04056756607020296,5.16084204455298,0.46539643209718834,0.474424850683699,0.019227060835879824,0.0,0.0,0.0,0.0,70.2,5.727762564911363,0.17743561503727315,0.01416106697155457
4,bursty,BestFit,True,bestfit-phase,0,demand,5,245910.40955014987,8523.978070248093,779428.55625,38079.97025,166256.03933509233,9584.068417685696,0.6761716076942128,0.03358127451514506,3.1733470308874874,0.18567444930784743,0.6863917509986998,0.021279245481839057,0.0,0.0,0.0,0.0,91.0,5.68061968450626,0.2299694006868028,0.013197073150133541
4,bursty,BestFit,True,bestfit-phase,1,demand,5,219252.98860947244,4206.905297311053,807170.365625,46594.11596938322,172067.58327976678,12003.568398050043,0.78496812928791,0.054669140919990734,3.6844835215558747,0.24917253757218694,0.6193492445200158,0.033098098367406466,0.0,0.0,0.0,0.0,82.4,2.5252833504381242,0.2083459348919664,0.0077353993215749876
4,bursty,BestFit,True,bestfit-phase,2,demand,5,189108.06850961436,14750.015606623638,871361.0,6732.599999999999,166823.73801815597,8669.723796142245,0.8893175341016699,0.09540046134176813,4.637925250305906,0.3742254569645406,0.5605489637787009,0.05437338030039723,0.0,0.0,0.0,0.0,78.6,3.3721115046807095,0.1987503425380516,0.009706696086712032
4,bursty,BestFit,True,bestfit-phase,3,demand,5,166873.22924017947,8492.851644728435,857742.8666015625,48619.92615332819,175641.1052211375,8781.527393346048,1.0534245637395534,0.04056756607020296,5.16084204455298,0.46539643209718834,0.474424850683699,0.019227060835879824,0.0,0.0,0.0,0.0,70.2,5.727762564911363,0.17743561503727315,0.01416106697155457
4,bursty,DRF,False,drf,0,served,5,320064.6571499473,11065.077759226888,900000.0,0.0,255456.78099922204,15158.574005356832,0.7981568477728919,0.038113443843075294,2.8154940648951525,0.09897933836827953,0.6111659010444933,0.022692147804732585,0.025539415976539664,0.0080790055166095,0.6235490223836857,0.014314991074380745,116.2,4.935153898309554,0.2943611592961522,0.012896805992406318
4,bursty,DRF,False,drf,1,served,5,311975.52199912525,11416.759707836474,900000.0,0.0,282185.89622379997,15316.607681972573,0.9053634066555025,0.05251946789420762,2.8888853980522233,0.10620042601413726,0.5502396464350372,0.028652307634754615,0.04467210101520868,0.006649292675517676,0.6806183583015152,0.04291491698300321,101.0,7.01230917743934,0.2556945709866777,0.01576039553254779
4,bursty,DRF,False,drf,2,served,5,304864.1201825309,15939.073699626759,900000.0,0.0,301075.9695801196,13861.07463795289,0.9890726470065903,0.04619075877592036,2.960664867382937,0.1568206920503951,0.5060469881124235,0.023671101385016522,0.0525564833408271,0.007915084003020418,0.6701595174049262,0.04885321198087153,94.0,4.919560956020364,0.2381970347779671,0.013976880986465727
4,bursty,DRF,False,drf,3,served,5,277049.0888090153,18295.74657636818,900000.0,0.0,308471.25453428517,6701.865186356925,1.1171581562061192,0.056593336171521395,3.2635258581837707,0.2185467547778275,0.4456289631136142,0.024432004805789758,0.052071317205173114,0.005966256959750356,0.6957176186839371,0.011781928171655066,88.8,6.885153883538115,0.22502747903351156,0.01866213250689667
4,bursty,DRF,False,drf,0,demand,5,320432.17137389287,11551.485721564215,2293360.934375,141482.30858443843,358080.94167641597,39550.84588527537,1.116452201311957,0.10604640434201759,7.15512769603919,0.33103183021499505,0.4479737800524242,0.04767418231770829,0.025539415976539664,0.0080790055166095,0.6235490223836857,0.014314991074380745,116.2,4.935153898309554,0.2943611592961522,0.012896805992406318
4,bursty,DRF,False,drf,1,demand,5,311723.69868010137,11534.02897705305,2315095.709375,87455.70182962611,440546.1853161816,30435.535636148357,1.4146043243284607,0.10198890331894075,7.445601118494811,0.5210189483608693,0.33520283457108474,0.031866796626571214,0.04467210101520868,0.006649292675517676,0.6806183583015152,0.04291491698300321,101.0,7.01230917743934,0.2556945709866777,0.01576039553254779
4,bursty,DRF,False,drf,2,demand,5,304958.2362756274,15423.95855273756,2386542.159375,212635.51394414276,480441.49739475606,23680.718732254874,1.576107925098538,0.03836435364832054,7.8272822721416,0.5873867321878549,0.28725242570909476,0.010075591944374955,0.0525564833408271,0.007915084003020418,0.6701595174049262,0.04885321198087153,94.0,4.919560956020364,0.2381970347779671,0.013976880986465727
4,bursty,DRF,False,drf,3,demand,5,275429.3451706996,20492.157467780882,2228530.48125,162554.2447606481,480671.94694140885,18955.920754737872,1.750367025723101,0.07073730015497201,8.117310889237004,0.621584633939672,0.24669457228466826,0.014473920328066457,0.052071317205173114,0.005966256959750356,0.6957176186839371,0.011781928171655066,88.8,6.885153883538115,0.22502747903351156,0.01866213250689667
4,bursty,DRF,True,drf-phase,0,served,5,245910.40955014987,8523.978070248093,779428.55625,38079.97025,166256.03933509233,9584.068417685696,0.6761716076942128,0.03358127451514506,3.1733470308874874,0.18567444930784743,0.6863917509986998,0.021279245481839057,0.0,0.0,0.0,0.0,91.0,5.68061968450626,0.2299694006868028,0.013197073150133541
4,bursty,DRF,True,drf-phase,1,served,5,219252.98860947244,4206.905297311053,807170.365625,46594.11596938322,172067.58327976678,12003.568398050043,0.78496812928791,0.054669140919990734,3.6844835215558747,0.24917253757218694,0.6193492445200158,0.033098098367406466,0.0,0.0,0.0,0.0,82.4,2.5252833504381242,0.2083459348919664,0.0077353993215749876
4,bursty,DRF,True,drf-phase,2,served,5,189108.06850961436,14750.015606623638,871361.0,6732.599999999999,166823.73801815597,8669.723796142245,0.8893175341016699,0.09540046134176813,4.637925250305906,0.3742254569645406,0.5605489637787009,0.05437338030039723,0.0,0.0,0.0,0.0,78.6,3.3721115046807095,0.1987503425380516,0.009706696086712032
4,bursty,DRF,True,drf-phase,3,served,5,166873.22924017947,8492.851644728435,857742.8666015625,48619.92615332819,175641.1052211375,8781.527393346048,1.0534245637395534,0.04056756607020296,5.16084204455298,0.46539643209718834,0.474424850683699,0.019227060835879824,0.0,0.0,0.0,0.0,70.2,5.727762564911363,0.17743561503727315,0.01416106697155457
4,bursty,DRF,True,drf-phase,0,demand,5,245910.40955014987,8523.978070248093,779428.55625,38079.97025,166256.03933509233,9584.068417685696,0.6761716076942128,0.03358127451514506,3.1733470308874874,0.18567444930784743,0.6863917509986998,0.021279245481839057,0.0,0.0,0.0,0.0,91.0,5.68061968450626,0.2299694006868028,0.013197073150133541
4,bursty,DRF,True,drf-phase,1,demand,5,219252.98860947244,4206.905297311053,807170.365625,46594.11596938322,172067.58327976678,12003.568398050043,0.78496812928791,0.054669140919990734,3.6844835215558747,0.24917253757218694,0.6193492445200158,0.033098098367406466,0.0,0.0,0.0,0.0,82.4,2.5252833504381242,0.2083459348919664,0.0077353993215749876
4,bursty,DRF,True,drf-phase,2,demand,5,189108.06850961436,14750.015606623638,871361.0,6732.599999999999,166823.73801815597,8669.723796142245,0.8893175341016699,0.09540046134176813,4.637925250305906,0.3742254569645406,0.5605489637787009,0.05437338030039723,0.0,0.0,0.0,0.0,78.6,3.3721115046807095,0.1987503425380516,0.009706696086712032
4,bursty,DRF,True,drf-phase,3,demand,5,166873.22924017947,8492.851644728435,857742.8666015625,48619.92615332819,175641.1052211375,8781.527393346048,1.0534245637395534,0.04056756607020296,5.16084204455298,0.46539643209718834,0.474424850683699,0.019227060835879824,0.0,0.0,0.0,0.0,70.2,5.727762564911363,0.17743561503727315,0.01416106697155457
4,bursty,P2C,False,p2c,0,served,5,298913.8981214039,14721.263018026164,900000.0,0.0,308751.5015435521,11309.06975611992,1.0346693638671352,0.04737823477994817,3.0187751763533908,0.15365009795472565,0.4835477177482884,0.023125083390695245,0.05181533727100716,0.008260003751970042,0.6903133979489544,0.03340987526995048,99.6,5.964328629443551,0.252393102612643,0.016628936201536312
4,bursty,P2C,False,p2c,1,served,5,284290.968117209,12318.682604950227,900000.0,0.0,305437.5613465533,9758.356808801615,1.075661725919445,0.041595034181693843,3.1716673359705183,0.1307630600377248,0.4640405459694862,0.019429915860519512,0.04868491254263001,0.007127773514375358,0.6991353375376236,0.021468149091506357,104.4,6.664,0.2644208017605325,0.016338507341154603
4,bursty,P2C,False,p2c,2,served,5,293477.24726352433,23542.662023955094,900000.0,0.0,315233.3388630707,11023.89038430007,1.0799308685093958,0.07741927288602315,3.0872337135660826,0.24666243194774348,0.4631520002064968,0.03558041043438032,0.05531328127199927,0.009863465136150688,0.6881191101112027,0.021950825624223177,96.2,4.129976271118274,0.24378877136356022,0.01278913078188125
4,bursty,P2C,False,p2c,3,served,5,314520.1307486965,30984.128066609985,900000.0,0.0,316227.05331863544,23949.346021412905,1.0099086561533426,0.06855318484251331,2.88956524173893,0.2741417903500568,0.4962871826708292,0.034286383469819826,0.056560527527158885,0.01741258915602322,0.6652317144073104,0.02854999009511142,99.8,5.626258437007671,0.2526775683575727,0.01205750531934083
4,bursty,P2C,False,p2c,0,demand,5,298508.0052379523,14209.681153929261,2755607.99375,120277.1525352338,490313.5978949042,23850.853231390953,1.6450304246074978,0.08740413514863093,9.255963747518205,0.6468195527609236,0.2709875568947529,0.022338045712780235,0.05181533727100716,0.008260003751970042,0.6903133979489544,0.03340987526995048,99.6,5.964328629443551,0.252393102612643,0.016628936201536312
4,bursty,P2C,False,p2c,1,demand,5,283625.4280448366,12564.984046343076,2703249.096875,172755.97296655097,475191.36024060607,24834.134673099914,1.6759514180425927,0.06509034789607182,9.549730811297335,0.7469677248771308,0.2631458820612136,0.015195295834467989,0.04868491254263001,0.007127773514375358,0.6991353375376236,0.021468149091506357,104.4,6.664,0.2644208017605325,0.016338507341154603
4,bursty,P2C,False,p2c,2,demand,5,291668.36291232647,23819.580936412713,2672213.48125,232596.63315069547,497757.4643578922,35175.27443678916,1.7124659083891498,0.11903287669377444,9.194273161067143,0.8181021498221641,0.2561804765177232,0.026441205216169716,0.05531328127199927,0.009863465136150688,0.6881191101112027,0.021950825624223177,96.2,4.129976271118274,0.24378877136356022,0.01278913078188125
4,bursty,P2C,False,p2c,3,demand,5,314068.2589211649,31331.118268008482,2709466.98125,237831.26368182863,503029.8821244194,65413.00716503209,1.6007610695738117,0.12249619558016812,8.673196872544228,0.7817872157745112,0.28302817491443216,0.03119871958584624,0.056560527527158885,0.01741258915602322,0.6652317144073104,0.02854999009511142,99.8,5.626258437007671,0.2526775683575727,0.01205750531934083
4,bursty,P2C,True,p2c-phase,0,served,5,200915.5344149118,32601.560867845583,825820.58125,53083.305445265134,196868.9427226629,8973.81003030152,0.9986497302911146,0.11435097583761346,4.190893970302337,0.547586733054164,0.5039950922711258,0.06104963616900164,0.0,0.0,0.0,0.0,76.4,10.60213261565804,0.19319899772908652,0.02651348026532707
4,bursty,P2C,True,p2c-phase,1,served,5,198178.4040952924,25214.152104101584,841710.553125,56923.33435004623,192670.45883208507,11569.432909776791,0.9855780975588188,0.11793950635464552,4.3065015885673485,0.5409157280666609,0.5108404503175037,0.060762213228251885,3.9331802440390555e-07,7.709033278316549e-07,0.0001565405737127544,0.0003068195244769986,76.4,6.123235745910817,0.19321138512607405,0.015257976043501126
4,bursty,P2C,True,p2c-phase,2,served,5,194032.71790452694,40335.787750309326,833537.59375,47011.779426390676,197193.68015725198,9598.107440612659,1.0473767576276978,0.14455561429930203,4.463839204362268,0.7913695869660582,0.4821924283964239,0.07326464690573635,0.0,0.0,0.0,0.0,76.2,6.085476480933929,0.19288706353114915,0.017409534530932247
4,bursty,P2C,True,p2c-phase,3,served,5,199711.57696826957,21036.749259987533,826430.959375,53240.292329005664,204557.4388264159,17532.01995848177,1.0296879188206078,0.07765711592676104,4.1782962169667694,0.44458244218875936,0.4869361519385633,0.03896632436570859,0.0,0.0,0.0,0.0,78.8,7.971202167803798,0.19913098049296463,0.01859367406899302
4,bursty,P2C,True,p2c-phase,0,demand,5,200915.5344149118,32601.560867845583,825820.58125,53083.305445265134,196868.9427226629,8973.81003030152,0.9986497302911146,0.11435097583761346,4.190893970302337,0.547586733054164,0.5039950922711258,0.06104963616900164,0.0,0.0,0.0,0.0,76.4,10.60213261565804,0.19319899772908652,0.02651348026532707
4,bursty,P2C,True,p2c-phase,1,demand,5,198178.4040952924,25214.152104101584,841851.55,57062.49827352973,192671.1936570748,11570.080927952276,0.9855821696901335,0.1179441819460801,4.307282941675897,0.5418617762056606,0.5108386684593718,0.0607641889985609,3.9331802440390555e-07,7.709033278316549e-07,0.0001565405737127544,0.0003068195244769986,76.4,6.123235745910817,0.19321138512607405,0.015257976043501126
4,bursty,P2C,True,p2c-phase,2,demand,5,194032.71790452694,40335.787750309326,833537.59375,47011.779426390676,197193.68015725198,9598.107440612659,1.0473767576276978,0.14455561429930203,4.463839204362268,0.7913695869660582,0.4821924283964239,0.07326464690573635,0.0,0.0,0.0,0.0,76.2,6.085476480933929,0.19288706353114915,0.017409534530932247
4,bursty,P2C,True,p2c-phase,3,demand,5,199711.57696826957,21036.749259987533,826430.959375,53240.292329005664,204557.4388264159,17532.01995848177,1.0296879188206078,0.07765711592676104,4.1782962169667694,0.44458244218875936,0.4869361519385633,0.03896632436570859,0.0,0.0,0.0,0.0,78.8,7.971202167803798,0.19913098049296463,0.01859367406899302
4,bursty,STPS-spatial,False,stps-spatial,0,served,5,324361.94136139896,24022.775192611152,900000.0,0.0,275837.32055478374,25983.714025979185,0.8494984251741678,0.037910419308082595,2.7909974817446885,0.21219604214924603,0.5811777633588437,0.021823676204248122,0.035605769708782126,0.012648600119150338,0.6384290667331364,0.0497473153577976,112.8,3.417376771735888,0.285803732387357,0.010780968065449193
4,bursty,STPS-spatial,False,stps-spatial,1,served,5,304652.41235843895,19156.534205236218,900000.0,0.0,282336.4091191846,15489.249826193758,0.9287587909481303,0.05414513729298512,2.9655054597539245,0.1730202919055769,0.5376295536675197,0.029380595325361396,0.03936190989642956,0.010258083481691748,0.6386582384684804,0.06298737138791488,107.6,3.0741398797061916,0.27253779087137814,0.007039445549295065
4,bursty,STPS-spatial,False,stps-spatial,2,served,5,295969.1380254118,8703.82628637214,900000.0,0.0,294068.74919547036,16636.33818685702,0.9941360865519315,0.05742647528560133,3.043641067959609,0.09095246103142389,0.5037956849864941,0.02932953060616815,0.0468773387968408,0.0052694076708013635,0.6619010876825302,0.05405619774800456,93.8,2.729964102328087,0.2375767542242543,0.0060201856458652475
4,bursty,STPS-spatial,False,stps-spatial,3,served,5,290933.4560429121,12042.234746859935,900000.0,0.0,308122.8982652056,16394.65146032582,1.062883623654589,0.09444924456702011,3.0990767474360887,0.12967697954602792,0.4718339279914958,0.04460401172451337,0.0526599808132552,0.0064641902726482,0.681070637954037,0.02807942803000322,85.8,3.687717993556449,0.21736196661131907,0.009846571517710345
4,bursty,STPS-spatial,False,stps-spatial,0,demand,5,323967.47963749064,24486.19643883907,2320862.353125,158130.274103368,406151.1258302714,63165.89455426184,1.2462547809877778,0.12094496359999371,7.169062948314109,0.15559860592006935,0.3951339725750608,0.050172658403803375,0.035605769708782126,0.012648600119150338,0.6384290667331364,0.0497473153577976,112.8,3.417376771735888,0.285803732387357,0.010780968065449193
4,bursty,STPS-spatial,False,stps-spatial,1,demand,5,304144.7907669997,19042.018396347677,2183750.75,193347.99455049087,423592.2558425871,41881.7425046007,1.3928618885894308,0.10642783359176101,7.190566725859935,0.6107948988341859,0.3424868628365211,0.03758302376908053,0.03936190989642956,0.010258083481691748,0.6386582384684804,0.06298737138791488,107.6,3.0741398797061916,0.27253779087137814,0.007039445549295065
4,bursty,STPS-spatial,False,stps-spatial,2,demand,5,295730.99541594094,8631.059505791618,2590324.38125,295434.44526931987,460351.5657943114,27038.169089243343,1.556881788694607,0.08196605610476879,8.77690859512895,1.1221624951032472,0.2931767886576827,0.022299436075240254,0.0468773387968408,0.0052694076708013635,0.6619010876825302,0.05405619774800456,93.8,2.729964102328087,0.2375767542242543,0.0060201856458652475
4,bursty,STPS-spatial,False,stps-spatial,3,demand,5,289917.20331588446,13684.688714317452,2360494.271875,210574.91566635456,485697.01607773494,30606.031930032117,1.6809492221075217,0.14961427550567824,8.13420112908495,0.49258161192562366,0.2646612788905115,0.03693682580090898,0.0526599808132552,0.0064641902726482,0.681070637954037,0.02807942803000322,85.8,3.687717993556449,0.21736196661131907,0.009846571517710345
4,bursty,STPS-spatial,True,stps,0,served,5,323607.86367275845,16064.681892884837,900000.0,0.0,290750.6075860579,17371.66923647214,0.8988585692275589,0.04171592918723288,2.788099141730631,0.1346155293115794,0.55354919561687,0.022938851037572535,0.04202460774394067,0.011486776651099798,0.6762622029755212,0.0025192347105699327,107.6,8.443938417586903,0.2715324164962649,0.02224356142240282
4,bursty,STPS-spatial,True,stps,1,served,5,301903.04623948794,13906.941471923574,900000.0,0.0,275636.96005410573,8904.057937321622,0.9136878827101181,0.016503976238367277,2.987945665405674,0.14303877706453186,0.5450801129094809,0.008922645840106961,0.03485438269858673,0.007949142693689236,0.6210695459389036,0.043640294870829335,102.8,4.8960784307443435,0.25938744080905407,0.013095299362481784
4,bursty,STPS-spatial,True,stps,2,served,5,308275.7330814129,16326.668091745689,900000.0,0.0,292806.5222003508,22565.4885769562,0.9499920029763723,0.0555757958425514,2.9283593516524147,0.16147084177608384,0.5264223658631566,0.029224061497148825,0.04297258693679234,0.011920212820448804,0.6241237747845448,0.05374994589402964,98.2,4.083202664575932,0.24769532627891916,0.009189132724604561
4,bursty,STPS-spatial,True,stps,3,served,5,303837.1938057375,14548.89158881264,900000.0,0.0,288824.19663668727,15179.94460564995,0.9553241308371432,0.09648461928012465,2.9693190545312267,0.14462476472270266,0.5252296646308618,0.04922252893819709,0.03879848455034546,0.006419003098662756,0.6046485085381915,0.05897124438229529,91.4,1.3293366766925523,0.23057188044084628,0.002144481693784042
4,bursty,STPS-spatial,True,stps,0,demand,5,324526.14767275844,15232.656407421851,2416820.75625,215450.47369868858,448909.1087916022,47576.63167592269,1.3836017584714657,0.14027145004277952,7.48909535434862,0.9564942740824566,0.34712809783097937,0.04777942871202844,0.04202460774394067,0.011486776651099798,0.6762622029755212,0.0025192347105699327,107.6,8.443938417586903,0.2715324164962649,0.02224356142240282
4,bursty,STPS-spatial,True,stps,1,demand,5,301901.2656180695,13906.023717952396,2223644.051953125,154171.1343470122,413874.8875793947,28181.428351241324,1.3697668899257307,0.04200797338373524,7.366910290352267,0.4041716348512433,0.3480236631863117,0.013463456519873558,0.03485438269858673,0.007949142693689236,0.6210695459389036,0.043640294870829335,102.8,4.8960784307443435,0.25938744080905407,0.013095299362481784
4,bursty,STPS-spatial,True,stps,2,demand,5,307322.8529885288,16793.495400453594,2258657.68125,219202.49366050513,446621.5756581139,48185.42995578854,1.4513927802273205,0.11675886873008944,7.361074115439124,0.7170769131011409,0.32441764482462304,0.03519568988193484,0.04297258693679234,0.011920212820448804,0.6241237747845448,0.05374994589402964,98.2,4.083202664575932,0.24769532627891916,0.009189132724604561
4,bursty,STPS-spatial,True,stps,3,demand,5,302750.0782237543,13972.037231134715,2127063.4322265624,194922.71262239208,435828.7986370173,21782.146792238385,1.4451859936059075,0.13117716387298453,7.025937087155606,0.5320913896207808,0.32680370192095504,0.03675767758001961,0.03879848455034546,0.006419003098662756,0.6046485085381915,0.05897124438229529,91.4,1.3293366766925523,0.23057188044084628,0.002144481693784042
